Song,Instrument,Level,No. of Notes,No. Different Note Values,Used Lengths (in quarter length),No. of Notes of Length,No. of Notes on First Beat,No. of Notes on Weaker Beats,No. of Notes on Off Beat,Total Lengths Used,Average Note Length,Percentage of Notes on First Beat,Percentage of Notes on Weaker Beats,Percentage of Notes on Off Beat, ,Key Signature,No. Naturals,No. Accidentals,No. Chords,Total No. of Pitches Used,No. of Octaves Used,Pitch,No. Instances of Pitch,No. of pitch with Semibreve Length,No. of pitch with Minim Length,No. of pitch with Crotchet Length,No. of pitch with Other Length,Pitch with Octave ,No. Instances of Pitch.1,No. of pitch with Semibreve Length.1,No. of pitch with Minim Length.1,No. of pitch with Crotchet Length.1,No. of pitch with Other Length.1,No. Pitch Duration Combos,Intervals Under Third,Intervals Between Third and Fifth,Intervals Between Fifth and Octave,Intervals Over Octave,Average Interval,Maximum Interval, .1,Time Signature,Total No. Bars,No. Bars Rest,No. Bars Play,Percentage of bars that are rest,Longest Section of Rest,Section Type,No. Bars of Section Type, .2,Length of Repeat Fragment,Fragment Start Bar,Where Else Repeated,Consecutive Repeats,Length of Repeat Fragment.1,Fragment Start Bar.1,Where Else Repeated.1,Consecutive Repeats.1,Length of Repeat Fragment.2,Fragment Start Bar.2,Where Else Repeated.2,Consecutive Repeats.2,Total number of 2 bar repeated fragments,Total number of 4 bar repeated fragments,Total number of 8 bar repeated fragments,Overall Total number of repeated fragments,Total 2 bar consec. repeats,Total 4 bar consec. repeats,Total 8 bar consec. repeats,Overall Total consec. repeats, .3
TOM,bass,2.0,205.0,3.0,4.0,96.0,96.0,0.0,0.0,3.0,2.9268292682926833,73.17073170731706,26.34146341463415,0.4878048780487805,,3 sharps,124.0,81.0,0.0,20.0,3.0,['A'],44.0,13.0,30.0,1.0,0.0,A2,40.0,10.0,30.0,0.0,0.0,24.0,143.0,33.0,26.0,0.0,4.202970297029704,12.0,,4/4,162.0,12.0,150.0,7.0,8.0,Rest,8.0,,2.0,14.0,"[18, 26, 30, 54, 58, 98, 102, 110, 114]",0.0,4.0,37.0,"[41, 65, 121, 125, 133, 137, 141, 145, 149, 153, 157]",8.0,8.0,134.0,"[138, 142, 146, 150]",0.0,30.0,41.0,23.0,94.0,2.0,18.0,0.0,20.0,
,,,,,2.0,107.0,54.0,53.0,0.0,,,,,,,,,,,,,"['A#', 'Bb']",0.0,0.0,0.0,0.0,0.0,A3,3.0,3.0,0.0,0.0,0.0,,,,,,,,,,,,,,,Play,86.0,,2.0,40.0,"[68, 124, 136, 140, 144, 148, 152, 156]",0.0,4.0,13.0,"[17, 25, 29, 53, 57, 97, 101, 109, 113]",5.0,8.0,24.0,"[52, 108]",0.0,,,,,,,,,
,,,,,1.0,2.0,0.0,1.0,1.0,,,,,,,,,,,,,"['B', 'Cb']",23.0,23.0,0.0,0.0,0.0,A4,1.0,0.0,0.0,1.0,0.0,,,,,,,,,,,,,,,Rest,2.0,,2.0,22.0,"[24, 52, 106, 108]",2.0,4.0,39.0,"[123, 135, 139, 143, 147, 151, 155]",5.0,8.0,28.0,"[56, 112]",0.0,,,,,,,,,
,,,,,,,,,,,,,,,,,,,,,,"['B#', 'C']",0.0,0.0,0.0,0.0,0.0,B2,20.0,20.0,0.0,0.0,0.0,,,,,,,,,,,,,,,Play,64.0,,2.0,34.0,"[62, 118]",0.0,4.0,21.0,"[23, 105, 107]",0.0,8.0,35.0,"[119, 131]",0.0,,,,,,,,,
,,,,,,,,,,,,,,,,,,,,,,"['C#', 'Db']",14.0,3.0,11.0,0.0,0.0,B3,3.0,3.0,0.0,0.0,0.0,,,,,,,,,,,,,,,,,,2.0,44.0,"[72, 128]",0.0,4.0,36.0,"[64, 120, 132]",0.0,8.0,43.0,"[71, 127]",0.0,,,,,,,,,
,,,,,,,,,,,,,,,,,,,,,,['D'],31.0,21.0,10.0,0.0,0.0,C#3,12.0,1.0,11.0,0.0,0.0,,,,,,,,,,,,,,,,,,,,,,4.0,32.0,"[60, 116]",0.0,8.0,16.0,[100],0.0,,,,,,,,,
,,,,,,,,,,,,,,,,,,,,,,"['D#', 'Eb']",0.0,0.0,0.0,0.0,0.0,C#4,2.0,2.0,0.0,0.0,0.0,,,,,,,,,,,,,,,,,,,,,,,,,,8.0,38.0,[122],0.0,,,,,,,,,
,,,,,,,,,,,,,,,,,,,,,,"['E', 'Fb']",22.0,21.0,1.0,0.0,0.0,D3,25.0,15.0,10.0,0.0,0.0,,,,,,,,,,,,,,,,,,,,,,,,,,8.0,44.0,[72],0.0,,,,,,,,,
,,,,,,,,,,,,,,,,,,,,,,"['E#', 'F']",0.0,0.0,0.0,0.0,0.0,D4,6.0,6.0,0.0,0.0,0.0,,,,,,,,,,,,,,,,,,,,,,,,,,,,,,,,,,,,,,
,,,,,,,,,,,,,,,,,,,,,,"['F#', 'Gb']",33.0,7.0,26.0,0.0,0.0,E2,1.0,1.0,0.0,0.0,0.0,,,,,,,,,,,,,,,,,,,,,,,,,,,,,,,,,,,,,,
,,,,,,,,,,,,,,,,,,,,,,['G'],4.0,4.0,0.0,0.0,0.0,E3,20.0,20.0,0.0,0.0,0.0,,,,,,,,,,,,,,,,,,,,,,,,,,,,,,,,,,,,,,
,,,,,,,,,,,,,,,,,,,,,,"['G#', 'Ab']",34.0,4.0,29.0,1.0,0.0,E4,1.0,0.0,1.0,0.0,0.0,,,,,,,,,,,,,,,,,,,,,,,,,,,,,,,,,,,,,,
,,,,,,,,,,,,,,,,,,,,,,,,,,,,F#2,26.0,0.0,26.0,0.0,0.0,,,,,,,,,,,,,,,,,,,,,,,,,,,,,,,,,,,,,,
,,,,,,,,,,,,,,,,,,,,,,,,,,,,F#3,6.0,6.0,0.0,0.0,0.0,,,,,,,,,,,,,,,,,,,,,,,,,,,,,,,,,,,,,,
,,,,,,,,,,,,,,,,,,,,,,,,,,,,F#4,1.0,1.0,0.0,0.0,0.0,,,,,,,,,,,,,,,,,,,,,,,,,,,,,,,,,,,,,,
,,,,,,,,,,,,,,,,,,,,,,,,,,,,G2,2.0,1.0,29.0,0.0,0.0,,,,,,,,,,,,,,,,,,,,,,,,,,,,,,,,,,,,,,
,,,,,,,,,,,,,,,,,,,,,,,,,,,,G3,2.0,3.0,0.0,0.0,0.0,,,,,,,,,,,,,,,,,,,,,,,,,,,,,,,,,,,,,,
,,,,,,,,,,,,,,,,,,,,,,,,,,,,G#2,30.0,0.0,0.0,1.0,0.0,,,,,,,,,,,,,,,,,,,,,,,,,,,,,,,,,,,,,,
,,,,,,,,,,,,,,,,,,,,,,,,,,,,G#3,3.0,2.0,0.0,0.0,0.0,,,,,,,,,,,,,,,,,,,,,,,,,,,,,,,,,,,,,,
,,,,,,,,,,,,,,,,,,,,,,,,,,,,G#4,1.0,2.0,0.0,0.0,0.0,,,,,,,,,,,,,,,,,,,,,,,,,,,,,,,,,,,,,,
,string synth,2.0,156.0,6.0,1.5,1.0,1.0,0.0,0.0,6.0,3.871794871794872,96.79487179487178,1.282051282051282,1.282051282051282,,3 sharps,143.0,115.0,102.0,17.0,3.0,['A'],47.0,45.0,1.0,0.0,0.0,A3,3.0,3.0,0.0,0.0,0.0,24.0,43.0,6.0,1.0,0.0,3.44,11.0,,4/4,162.0,11.0,151.0,6.0,6.0,Rest,6.0,,2.0,43.0,"[47, 71, 75, 127, 131, 139, 143, 151]",0.0,4.0,25.0,"[29, 53, 57, 109, 113]",3.0,8.0,37.0,"[65, 121, 133]",0.0,53.0,24.0,13.0,90.0,0.0,3.0,1.0,4.0,
,,,,,0.5,1.0,0.0,0.0,0.0,,,,,,,,,,,,,"['A#', 'Bb']",0.0,0.0,0.0,0.0,0.0,A4,42.0,40.0,1.0,0.0,1.0,,,,,,,,,,,,,,,Play,74.0,,2.0,38.0,"[66, 122, 134, 146, 154, 158]",0.0,4.0,45.0,"[73, 129, 141, 149]",0.0,8.0,129.0,"[141, 149]",1.0,,,,,,,,,
,,,,,2.0,2.0,0.0,2.0,0.0,,,,,,,,,,,,,"['B', 'Cb']",32.0,32.0,0.0,0.0,0.0,A5,2.0,2.0,0.0,0.0,0.0,,,,,,,,,,,,,,,Rest,2.0,,2.0,49.0,"[50, 51, 77, 78, 79, 91]",0.0,4.0,39.0,"[67, 123, 135]",0.0,8.0,13.0,[97],0.0,,,,,,,,,
,,,,,4.0,148.0,148.0,0.0,0.0,,,,,,,,,,,,,"['B#', 'C']",0.0,0.0,0.0,0.0,0.0,B3,8.0,8.0,0.0,0.0,0.0,,,,,,,,,,,,,,,Play,10.0,,2.0,26.0,"[30, 54, 58, 110, 114]",0.0,4.0,28.0,"[56, 112]",0.0,8.0,42.0,[70],0.0,,,,,,,,,
,,,,,1.0,3.0,1.0,0.0,2.0,,,,,,,,,,,,,"['C#', 'Db']",40.0,36.0,1.0,2.0,0.0,B4,22.0,22.0,0.0,0.0,0.0,,,,,,,,,,,,,,,Rest,2.0,,2.0,40.0,"[68, 124, 136, 148, 156]",0.0,4.0,32.0,"[60, 116]",0.0,8.0,126.0,[138],0.0,,,,,,,,,
,,,,,3.0,1.0,1.0,0.0,0.0,,,,,,,,,,,,,['D'],17.0,17.0,0.0,0.0,0.0,B5,2.0,2.0,0.0,0.0,0.0,,,,,,,,,,,,,,,Play,67.0,,2.0,9.0,"[10, 11, 12]",0.0,4.0,130.0,"[142, 150]",0.0,,,,,,,,,,,,,
,,,,,,,,,,,,,,,,,,,,,,"['D#', 'Eb']",0.0,0.0,0.0,0.0,0.0,C#4,11.0,8.0,1.0,2.0,0.0,,,,,,,,,,,,,,,,,,2.0,41.0,"[69, 125, 137]",0.0,,,,,,,,,,,,,,,,,
,,,,,,,,,,,,,,,,,,,,,,"['E', 'Fb']",43.0,42.0,0.0,0.0,0.0,C#5,29.0,28.0,0.0,0.0,1.0,,,,,,,,,,,,,,,,,,2.0,44.0,"[72, 128, 140]",0.0,,,,,,,,,,,,,,,,,
,,,,,,,,,,,,,,,,,,,,,,"['E#', 'F']",0.0,0.0,0.0,0.0,0.0,D4,14.0,14.0,0.0,0.0,0.0,,,,,,,,,,,,,,,,,,2.0,34.0,"[62, 118]",0.0,,,,,,,,,,,,,,,,,
,,,,,,,,,,,,,,,,,,,,,,"['F#', 'Gb']",54.0,54.0,0.0,0.0,0.0,D5,3.0,3.0,0.0,0.0,0.0,,,,,,,,,,,,,,,,,,2.0,132.0,"[144, 152]",0.0,,,,,,,,,,,,,,,,,
,,,,,,,,,,,,,,,,,,,,,,['G'],4.0,4.0,0.0,0.0,0.0,E4,35.0,34.0,0.0,0.0,1.0,,,,,,,,,,,,,,,,,,,,,,,,,,,,,,,,,,,,,,
,,,,,,,,,,,,,,,,,,,,,,"['G#', 'Ab']",21.0,20.0,0.0,1.0,0.0,E5,8.0,8.0,0.0,0.0,0.0,,,,,,,,,,,,,,,,,,,,,,,,,,,,,,,,,,,,,,
,,,,,,,,,,,,,,,,,,,,,,,,,,,,F#4,33.0,33.0,0.0,0.0,0.0,,,,,,,,,,,,,,,,,,,,,,,,,,,,,,,,,,,,,,
,,,,,,,,,,,,,,,,,,,,,,,,,,,,F#5,21.0,21.0,0.0,0.0,0.0,,,,,,,,,,,,,,,,,,,,,,,,,,,,,,,,,,,,,,
,,,,,,,,,,,,,,,,,,,,,,,,,,,,G4,4.0,18.0,0.0,1.0,0.0,,,,,,,,,,,,,,,,,,,,,,,,,,,,,,,,,,,,,,
,,,,,,,,,,,,,,,,,,,,,,,,,,,,G#4,19.0,2.0,0.0,0.0,0.0,,,,,,,,,,,,,,,,,,,,,,,,,,,,,,,,,,,,,,
,,,,,,,,,,,,,,,,,,,,,,,,,,,,G#5,2.0,4.0,0.0,0.0,0.0,,,,,,,,,,,,,,,,,,,,,,,,,,,,,,,,,,,,,,
,brass synth,2.0,145.0,4.0,4.0,131.0,131.0,0.0,0.0,4.0,3.7517241379310335,96.55172413793105,0.0,3.4482758620689653,,3 sharps,156.0,64.0,75.0,19.0,4.0,['A'],64.0,62.0,0.0,2.0,0.0,A2,7.0,7.0,0.0,0.0,0.0,27.0,30.0,16.0,8.0,0.0,6.5,12.0,,4/4,162.0,26.0,136.0,16.0,15.0,Rest,4.0,,2.0,38.0,"[42, 66, 70, 122, 126, 138, 150]",0.0,4.0,25.0,"[29, 53, 57, 109, 113]",3.0,8.0,41.0,"[69, 125, 137, 149]",0.0,43.0,9.0,19.0,71.0,0.0,3.0,0.0,3.0,
,,,,,2.0,4.0,4.0,0.0,0.0,,,,,,,,,,,,,"['A#', 'Bb']",0.0,0.0,0.0,0.0,0.0,A3,25.0,25.0,0.0,0.0,0.0,,,,,,,,,,,,,,,Play,4.0,,2.0,133.0,"[134, 135, 145, 146, 147, 157, 158]",0.0,4.0,130.0,"[142, 154]",0.0,8.0,36.0,"[64, 120]",0.0,,,,,,,,,
,,,,,1.0,9.0,5.0,0.0,4.0,,,,,,,,,,,,,"['B', 'Cb']",32.0,28.0,2.0,2.0,0.0,A4,26.0,26.0,0.0,0.0,0.0,,,,,,,,,,,,,,,Rest,2.0,,2.0,26.0,"[30, 54, 58, 110, 114, 118]",0.0,,,,,8.0,126.0,"[138, 150]",0.0,,,,,,,,,
,,,,,3.0,1.0,0.0,0.0,1.0,,,,,,,,,,,,,"['B#', 'C']",0.0,0.0,0.0,0.0,0.0,A5,6.0,4.0,0.0,2.0,0.0,,,,,,,,,,,,,,,Play,38.5,,2.0,27.0,"[31, 55, 59, 111, 115]",0.0,,,,,8.0,13.0,[97],0.0,,,,,,,,,
,,,,,,,,,,,,,,,,,,,,,,"['C#', 'Db']",11.0,9.0,2.0,0.0,0.0,B2,9.0,9.0,0.0,0.0,0.0,,,,,,,,,,,,,,,Rest,0.5,,2.0,44.0,"[72, 128, 140, 152]",0.0,,,,,8.0,28.0,[56],0.0,,,,,,,,,
,,,,,,,,,,,,,,,,,,,,,,['D'],11.0,9.0,0.0,2.0,0.0,B4,17.0,15.0,2.0,0.0,0.0,,,,,,,,,,,,,,,Play,0.5,,2.0,15.0,"[23, 99]",0.0,,,,,8.0,42.0,[70],0.0,,,,,,,,,
,,,,,,,,,,,,,,,,,,,,,,"['D#', 'Eb']",0.0,0.0,0.0,0.0,0.0,B5,6.0,4.0,0.0,2.0,0.0,,,,,,,,,,,,,,,Rest,0.5,,2.0,40.0,"[68, 124]",0.0,,,,,8.0,129.0,[141],0.0,,,,,,,,,
,,,,,,,,,,,,,,,,,,,,,,"['E', 'Fb']",49.0,46.0,0.0,3.0,0.0,C#4,7.0,7.0,0.0,0.0,0.0,,,,,,,,,,,,,,,Play,0.5,,2.0,132.0,"[144, 156]",0.0,,,,,,,,,,,,,,,,,
,,,,,,,,,,,,,,,,,,,,,,"['E#', 'F']",0.0,0.0,0.0,0.0,0.0,C#5,4.0,2.0,2.0,0.0,0.0,,,,,,,,,,,,,,,Rest,0.5,,,,,,,,,,,,,,,,,,,,,,
,,,,,,,,,,,,,,,,,,,,,,"['F#', 'Gb']",37.0,37.0,0.0,0.0,0.0,D3,3.0,3.0,0.0,0.0,0.0,,,,,,,,,,,,,,,Play,0.5,,,,,,,,,,,,,,,,,,,,,,
,,,,,,,,,,,,,,,,,,,,,,['G'],0.0,0.0,0.0,0.0,0.0,D5,8.0,6.0,0.0,2.0,0.0,,,,,,,,,,,,,,,Rest,0.5,,,,,,,,,,,,,,,,,,,,,,
,,,,,,,,,,,,,,,,,,,,,,"['G#', 'Ab']",16.0,15.0,0.0,0.0,0.0,E3,12.0,12.0,0.0,0.0,0.0,,,,,,,,,,,,,,,Play,24.5,,,,,,,,,,,,,,,,,,,,,,
,,,,,,,,,,,,,,,,,,,,,,,,,,,,E4,30.0,29.0,0.0,1.0,0.0,,,,,,,,,,,,,,,Rest,0.5,,,,,,,,,,,,,,,,,,,,,,
,,,,,,,,,,,,,,,,,,,,,,,,,,,,E5,7.0,5.0,0.0,2.0,0.0,,,,,,,,,,,,,,,Play,0.5,,,,,,,,,,,,,,,,,,,,,,
,,,,,,,,,,,,,,,,,,,,,,,,,,,,F#3,2.0,2.0,0.0,0.0,0.0,,,,,,,,,,,,,,,Rest,0.5,,,,,,,,,,,,,,,,,,,,,,
,,,,,,,,,,,,,,,,,,,,,,,,,,,,F#4,30.0,30.0,0.0,0.0,0.0,,,,,,,,,,,,,,,Play,0.5,,,,,,,,,,,,,,,,,,,,,,
,,,,,,,,,,,,,,,,,,,,,,,,,,,,F#5,5.0,5.0,0.0,0.0,0.0,,,,,,,,,,,,,,,Rest,0.5,,,,,,,,,,,,,,,,,,,,,,
,,,,,,,,,,,,,,,,,,,,,,,,,,,,G#3,8.0,8.0,0.0,0.0,0.0,,,,,,,,,,,,,,,Play,0.5,,,,,,,,,,,,,,,,,,,,,,
,,,,,,,,,,,,,,,,,,,,,,,,,,,,G#4,8.0,7.0,0.0,0.0,1.0,,,,,,,,,,,,,,,Rest,0.5,,,,,,,,,,,,,,,,,,,,,,
,,,,,,,,,,,,,,,,,,,,,,,,,,,,,,,,,,,,,,,,,,,,,,,,Play,1.0,,,,,,,,,,,,,,,,,,,,,,
,,,,,,,,,,,,,,,,,,,,,,,,,,,,,,,,,,,,,,,,,,,,,,,,Rest,15.0,,,,,,,,,,,,,,,,,,,,,,
,,,,,,,,,,,,,,,,,,,,,,,,,,,,,,,,,,,,,,,,,,,,,,,,Play,65.0,,,,,,,,,,,,,,,,,,,,,,
,brass synth,2.0,145.0,4.0,4.0,131.0,131.0,0.0,0.0,4.0,3.7517241379310335,96.55172413793105,0.0,3.4482758620689653,,3 sharps,156.0,64.0,75.0,19.0,4.0,['A'],64.0,62.0,0.0,2.0,0.0,A2,7.0,7.0,0.0,0.0,0.0,27.0,30.0,16.0,8.0,0.0,6.5,12.0,,4/4,162.0,26.0,136.0,16.0,15.0,Rest,4.0,,2.0,38.0,"[42, 66, 70, 122, 126, 138, 150]",0.0,4.0,25.0,"[29, 53, 57, 109, 113]",3.0,8.0,41.0,"[69, 125, 137, 149]",0.0,43.0,9.0,19.0,71.0,0.0,3.0,0.0,3.0,
,,,,,2.0,4.0,4.0,0.0,0.0,,,,,,,,,,,,,"['A#', 'Bb']",0.0,0.0,0.0,0.0,0.0,A3,25.0,25.0,0.0,0.0,0.0,,,,,,,,,,,,,,,Play,4.0,,2.0,133.0,"[134, 135, 145, 146, 147, 157, 158]",0.0,4.0,130.0,"[142, 154]",0.0,8.0,36.0,"[64, 120]",0.0,,,,,,,,,
,,,,,1.0,9.0,5.0,0.0,4.0,,,,,,,,,,,,,"['B', 'Cb']",32.0,28.0,2.0,2.0,0.0,A4,26.0,26.0,0.0,0.0,0.0,,,,,,,,,,,,,,,Rest,2.0,,2.0,26.0,"[30, 54, 58, 110, 114, 118]",0.0,,,,,8.0,126.0,"[138, 150]",0.0,,,,,,,,,
,,,,,3.0,1.0,0.0,0.0,1.0,,,,,,,,,,,,,"['B#', 'C']",0.0,0.0,0.0,0.0,0.0,A5,6.0,4.0,0.0,2.0,0.0,,,,,,,,,,,,,,,Play,38.5,,2.0,27.0,"[31, 55, 59, 111, 115]",0.0,,,,,8.0,13.0,[97],0.0,,,,,,,,,
,,,,,,,,,,,,,,,,,,,,,,"['C#', 'Db']",11.0,9.0,2.0,0.0,0.0,B2,9.0,9.0,0.0,0.0,0.0,,,,,,,,,,,,,,,Rest,0.5,,2.0,44.0,"[72, 128, 140, 152]",0.0,,,,,8.0,28.0,[56],0.0,,,,,,,,,
,,,,,,,,,,,,,,,,,,,,,,['D'],11.0,9.0,0.0,2.0,0.0,B4,17.0,15.0,2.0,0.0,0.0,,,,,,,,,,,,,,,Play,0.5,,2.0,15.0,"[23, 99]",0.0,,,,,8.0,42.0,[70],0.0,,,,,,,,,
,,,,,,,,,,,,,,,,,,,,,,"['D#', 'Eb']",0.0,0.0,0.0,0.0,0.0,B5,6.0,4.0,0.0,2.0,0.0,,,,,,,,,,,,,,,Rest,0.5,,2.0,40.0,"[68, 124]",0.0,,,,,8.0,129.0,[141],0.0,,,,,,,,,
,,,,,,,,,,,,,,,,,,,,,,"['E', 'Fb']",49.0,46.0,0.0,3.0,0.0,C#4,7.0,7.0,0.0,0.0,0.0,,,,,,,,,,,,,,,Play,0.5,,2.0,132.0,"[144, 156]",0.0,,,,,,,,,,,,,,,,,
,,,,,,,,,,,,,,,,,,,,,,"['E#', 'F']",0.0,0.0,0.0,0.0,0.0,C#5,4.0,2.0,2.0,0.0,0.0,,,,,,,,,,,,,,,Rest,0.5,,,,,,,,,,,,,,,,,,,,,,
,,,,,,,,,,,,,,,,,,,,,,"['F#', 'Gb']",37.0,37.0,0.0,0.0,0.0,D3,3.0,3.0,0.0,0.0,0.0,,,,,,,,,,,,,,,Play,0.5,,,,,,,,,,,,,,,,,,,,,,
,,,,,,,,,,,,,,,,,,,,,,['G'],0.0,0.0,0.0,0.0,0.0,D5,8.0,6.0,0.0,2.0,0.0,,,,,,,,,,,,,,,Rest,0.5,,,,,,,,,,,,,,,,,,,,,,
,,,,,,,,,,,,,,,,,,,,,,"['G#', 'Ab']",16.0,15.0,0.0,0.0,0.0,E3,12.0,12.0,0.0,0.0,0.0,,,,,,,,,,,,,,,Play,24.5,,,,,,,,,,,,,,,,,,,,,,
,,,,,,,,,,,,,,,,,,,,,,,,,,,,E4,30.0,29.0,0.0,1.0,0.0,,,,,,,,,,,,,,,Rest,0.5,,,,,,,,,,,,,,,,,,,,,,
,,,,,,,,,,,,,,,,,,,,,,,,,,,,E5,7.0,5.0,0.0,2.0,0.0,,,,,,,,,,,,,,,Play,0.5,,,,,,,,,,,,,,,,,,,,,,
,,,,,,,,,,,,,,,,,,,,,,,,,,,,F#3,2.0,2.0,0.0,0.0,0.0,,,,,,,,,,,,,,,Rest,0.5,,,,,,,,,,,,,,,,,,,,,,
,,,,,,,,,,,,,,,,,,,,,,,,,,,,F#4,30.0,30.0,0.0,0.0,0.0,,,,,,,,,,,,,,,Play,0.5,,,,,,,,,,,,,,,,,,,,,,
,,,,,,,,,,,,,,,,,,,,,,,,,,,,F#5,5.0,5.0,0.0,0.0,0.0,,,,,,,,,,,,,,,Rest,0.5,,,,,,,,,,,,,,,,,,,,,,
,,,,,,,,,,,,,,,,,,,,,,,,,,,,G#3,8.0,8.0,0.0,0.0,0.0,,,,,,,,,,,,,,,Play,0.5,,,,,,,,,,,,,,,,,,,,,,
,,,,,,,,,,,,,,,,,,,,,,,,,,,,G#4,8.0,7.0,0.0,0.0,1.0,,,,,,,,,,,,,,,Rest,0.5,,,,,,,,,,,,,,,,,,,,,,
,,,,,,,,,,,,,,,,,,,,,,,,,,,,,,,,,,,,,,,,,,,,,,,,Play,1.0,,,,,,,,,,,,,,,,,,,,,,
,,,,,,,,,,,,,,,,,,,,,,,,,,,,,,,,,,,,,,,,,,,,,,,,Rest,15.0,,,,,,,,,,,,,,,,,,,,,,
,,,,,,,,,,,,,,,,,,,,,,,,,,,,,,,,,,,,,,,,,,,,,,,,Play,65.0,,,,,,,,,,,,,,,,,,,,,,
/Users/NathanWyke/Documents/wejam/wejam_xml/take_on_me/take on me-String_Synthesiser_L3.musicxml,brass synth,2.0,145.0,4.0,4.0,131.0,131.0,0.0,0.0,4.0,3.7517241379310335,96.55172413793105,0.0,3.4482758620689653,,3 sharps,156.0,64.0,75.0,19.0,4.0,['A'],64.0,62.0,0.0,2.0,0.0,A2,7.0,7.0,0.0,0.0,0.0,27.0,30.0,16.0,8.0,0.0,6.5,12.0,,4/4,162.0,26.0,136.0,16.0,15.0,Rest,4.0,,2.0,38.0,"[42, 66, 70, 122, 126, 138, 150]",0.0,4.0,25.0,"[29, 53, 57, 109, 113]",3.0,8.0,41.0,"[69, 125, 137, 149]",0.0,43.0,9.0,19.0,71.0,0.0,3.0,0.0,3.0,
,,,,,2.0,4.0,4.0,0.0,0.0,,,,,,,,,,,,,"['A#', 'Bb']",0.0,0.0,0.0,0.0,0.0,A3,25.0,25.0,0.0,0.0,0.0,,,,,,,,,,,,,,,Play,4.0,,2.0,133.0,"[134, 135, 145, 146, 147, 157, 158]",0.0,4.0,130.0,"[142, 154]",0.0,8.0,36.0,"[64, 120]",0.0,,,,,,,,,
,,,,,1.0,9.0,5.0,0.0,4.0,,,,,,,,,,,,,"['B', 'Cb']",32.0,28.0,2.0,2.0,0.0,A4,26.0,26.0,0.0,0.0,0.0,,,,,,,,,,,,,,,Rest,2.0,,2.0,26.0,"[30, 54, 58, 110, 114, 118]",0.0,,,,,8.0,126.0,"[138, 150]",0.0,,,,,,,,,
,,,,,3.0,1.0,0.0,0.0,1.0,,,,,,,,,,,,,"['B#', 'C']",0.0,0.0,0.0,0.0,0.0,A5,6.0,4.0,0.0,2.0,0.0,,,,,,,,,,,,,,,Play,38.5,,2.0,27.0,"[31, 55, 59, 111, 115]",0.0,,,,,8.0,13.0,[97],0.0,,,,,,,,,
,,,,,,,,,,,,,,,,,,,,,,"['C#', 'Db']",11.0,9.0,2.0,0.0,0.0,B2,9.0,9.0,0.0,0.0,0.0,,,,,,,,,,,,,,,Rest,0.5,,2.0,44.0,"[72, 128, 140, 152]",0.0,,,,,8.0,28.0,[56],0.0,,,,,,,,,
,,,,,,,,,,,,,,,,,,,,,,['D'],11.0,9.0,0.0,2.0,0.0,B4,17.0,15.0,2.0,0.0,0.0,,,,,,,,,,,,,,,Play,0.5,,2.0,15.0,"[23, 99]",0.0,,,,,8.0,42.0,[70],0.0,,,,,,,,,
,,,,,,,,,,,,,,,,,,,,,,"['D#', 'Eb']",0.0,0.0,0.0,0.0,0.0,B5,6.0,4.0,0.0,2.0,0.0,,,,,,,,,,,,,,,Rest,0.5,,2.0,40.0,"[68, 124]",0.0,,,,,8.0,129.0,[141],0.0,,,,,,,,,
,,,,,,,,,,,,,,,,,,,,,,"['E', 'Fb']",49.0,46.0,0.0,3.0,0.0,C#4,7.0,7.0,0.0,0.0,0.0,,,,,,,,,,,,,,,Play,0.5,,2.0,132.0,"[144, 156]",0.0,,,,,,,,,,,,,,,,,
,,,,,,,,,,,,,,,,,,,,,,"['E#', 'F']",0.0,0.0,0.0,0.0,0.0,C#5,4.0,2.0,2.0,0.0,0.0,,,,,,,,,,,,,,,Rest,0.5,,,,,,,,,,,,,,,,,,,,,,
,,,,,,,,,,,,,,,,,,,,,,"['F#', 'Gb']",37.0,37.0,0.0,0.0,0.0,D3,3.0,3.0,0.0,0.0,0.0,,,,,,,,,,,,,,,Play,0.5,,,,,,,,,,,,,,,,,,,,,,
,,,,,,,,,,,,,,,,,,,,,,['G'],0.0,0.0,0.0,0.0,0.0,D5,8.0,6.0,0.0,2.0,0.0,,,,,,,,,,,,,,,Rest,0.5,,,,,,,,,,,,,,,,,,,,,,
,,,,,,,,,,,,,,,,,,,,,,"['G#', 'Ab']",16.0,15.0,0.0,0.0,0.0,E3,12.0,12.0,0.0,0.0,0.0,,,,,,,,,,,,,,,Play,24.5,,,,,,,,,,,,,,,,,,,,,,
,,,,,,,,,,,,,,,,,,,,,,,,,,,,E4,30.0,29.0,0.0,1.0,0.0,,,,,,,,,,,,,,,Rest,0.5,,,,,,,,,,,,,,,,,,,,,,
,,,,,,,,,,,,,,,,,,,,,,,,,,,,E5,7.0,5.0,0.0,2.0,0.0,,,,,,,,,,,,,,,Play,0.5,,,,,,,,,,,,,,,,,,,,,,
,,,,,,,,,,,,,,,,,,,,,,,,,,,,F#3,2.0,2.0,0.0,0.0,0.0,,,,,,,,,,,,,,,Rest,0.5,,,,,,,,,,,,,,,,,,,,,,
,,,,,,,,,,,,,,,,,,,,,,,,,,,,F#4,30.0,30.0,0.0,0.0,0.0,,,,,,,,,,,,,,,Play,0.5,,,,,,,,,,,,,,,,,,,,,,
,,,,,,,,,,,,,,,,,,,,,,,,,,,,F#5,5.0,5.0,0.0,0.0,0.0,,,,,,,,,,,,,,,Rest,0.5,,,,,,,,,,,,,,,,,,,,,,
,,,,,,,,,,,,,,,,,,,,,,,,,,,,G#3,8.0,8.0,0.0,0.0,0.0,,,,,,,,,,,,,,,Play,0.5,,,,,,,,,,,,,,,,,,,,,,
,,,,,,,,,,,,,,,,,,,,,,,,,,,,G#4,8.0,7.0,0.0,0.0,1.0,,,,,,,,,,,,,,,Rest,0.5,,,,,,,,,,,,,,,,,,,,,,
,,,,,,,,,,,,,,,,,,,,,,,,,,,,,,,,,,,,,,,,,,,,,,,,Play,1.0,,,,,,,,,,,,,,,,,,,,,,
,,,,,,,,,,,,,,,,,,,,,,,,,,,,,,,,,,,,,,,,,,,,,,,,Rest,15.0,,,,,,,,,,,,,,,,,,,,,,
,,,,,,,,,,,,,,,,,,,,,,,,,,,,,,,,,,,,,,,,,,,,,,,,Play,65.0,,,,,,,,,,,,,,,,,,,,,,
,brass synth,2.0,145.0,4.0,4.0,131.0,131.0,0.0,0.0,4.0,3.7517241379310335,96.55172413793105,0.0,3.4482758620689653,,3 sharps,156.0,64.0,75.0,19.0,4.0,['A'],64.0,62.0,0.0,2.0,0.0,A2,7.0,7.0,0.0,0.0,0.0,27.0,30.0,16.0,8.0,0.0,6.5,12.0,,4/4,162.0,26.0,136.0,16.0,15.0,Rest,4.0,,2.0,38.0,"[42, 66, 70, 122, 126, 138, 150]",0.0,4.0,25.0,"[29, 53, 57, 109, 113]",3.0,8.0,41.0,"[69, 125, 137, 149]",0.0,43.0,9.0,19.0,71.0,0.0,3.0,0.0,3.0,
,,,,,2.0,4.0,4.0,0.0,0.0,,,,,,,,,,,,,"['A#', 'Bb']",0.0,0.0,0.0,0.0,0.0,A3,25.0,25.0,0.0,0.0,0.0,,,,,,,,,,,,,,,Play,4.0,,2.0,133.0,"[134, 135, 145, 146, 147, 157, 158]",0.0,4.0,130.0,"[142, 154]",0.0,8.0,36.0,"[64, 120]",0.0,,,,,,,,,
,,,,,1.0,9.0,5.0,0.0,4.0,,,,,,,,,,,,,"['B', 'Cb']",32.0,28.0,2.0,2.0,0.0,A4,26.0,26.0,0.0,0.0,0.0,,,,,,,,,,,,,,,Rest,2.0,,2.0,26.0,"[30, 54, 58, 110, 114, 118]",0.0,,,,,8.0,126.0,"[138, 150]",0.0,,,,,,,,,
,,,,,3.0,1.0,0.0,0.0,1.0,,,,,,,,,,,,,"['B#', 'C']",0.0,0.0,0.0,0.0,0.0,A5,6.0,4.0,0.0,2.0,0.0,,,,,,,,,,,,,,,Play,38.5,,2.0,27.0,"[31, 55, 59, 111, 115]",0.0,,,,,8.0,13.0,[97],0.0,,,,,,,,,
,,,,,,,,,,,,,,,,,,,,,,"['C#', 'Db']",11.0,9.0,2.0,0.0,0.0,B2,9.0,9.0,0.0,0.0,0.0,,,,,,,,,,,,,,,Rest,0.5,,2.0,44.0,"[72, 128, 140, 152]",0.0,,,,,8.0,28.0,[56],0.0,,,,,,,,,
,,,,,,,,,,,,,,,,,,,,,,['D'],11.0,9.0,0.0,2.0,0.0,B4,17.0,15.0,2.0,0.0,0.0,,,,,,,,,,,,,,,Play,0.5,,2.0,15.0,"[23, 99]",0.0,,,,,8.0,42.0,[70],0.0,,,,,,,,,
,,,,,,,,,,,,,,,,,,,,,,"['D#', 'Eb']",0.0,0.0,0.0,0.0,0.0,B5,6.0,4.0,0.0,2.0,0.0,,,,,,,,,,,,,,,Rest,0.5,,2.0,40.0,"[68, 124]",0.0,,,,,8.0,129.0,[141],0.0,,,,,,,,,
,,,,,,,,,,,,,,,,,,,,,,"['E', 'Fb']",49.0,46.0,0.0,3.0,0.0,C#4,7.0,7.0,0.0,0.0,0.0,,,,,,,,,,,,,,,Play,0.5,,2.0,132.0,"[144, 156]",0.0,,,,,,,,,,,,,,,,,
,,,,,,,,,,,,,,,,,,,,,,"['E#', 'F']",0.0,0.0,0.0,0.0,0.0,C#5,4.0,2.0,2.0,0.0,0.0,,,,,,,,,,,,,,,Rest,0.5,,,,,,,,,,,,,,,,,,,,,,
,,,,,,,,,,,,,,,,,,,,,,"['F#', 'Gb']",37.0,37.0,0.0,0.0,0.0,D3,3.0,3.0,0.0,0.0,0.0,,,,,,,,,,,,,,,Play,0.5,,,,,,,,,,,,,,,,,,,,,,
,,,,,,,,,,,,,,,,,,,,,,['G'],0.0,0.0,0.0,0.0,0.0,D5,8.0,6.0,0.0,2.0,0.0,,,,,,,,,,,,,,,Rest,0.5,,,,,,,,,,,,,,,,,,,,,,
,,,,,,,,,,,,,,,,,,,,,,"['G#', 'Ab']",16.0,15.0,0.0,0.0,0.0,E3,12.0,12.0,0.0,0.0,0.0,,,,,,,,,,,,,,,Play,24.5,,,,,,,,,,,,,,,,,,,,,,
,,,,,,,,,,,,,,,,,,,,,,,,,,,,E4,30.0,29.0,0.0,1.0,0.0,,,,,,,,,,,,,,,Rest,0.5,,,,,,,,,,,,,,,,,,,,,,
,,,,,,,,,,,,,,,,,,,,,,,,,,,,E5,7.0,5.0,0.0,2.0,0.0,,,,,,,,,,,,,,,Play,0.5,,,,,,,,,,,,,,,,,,,,,,
,,,,,,,,,,,,,,,,,,,,,,,,,,,,F#3,2.0,2.0,0.0,0.0,0.0,,,,,,,,,,,,,,,Rest,0.5,,,,,,,,,,,,,,,,,,,,,,
,,,,,,,,,,,,,,,,,,,,,,,,,,,,F#4,30.0,30.0,0.0,0.0,0.0,,,,,,,,,,,,,,,Play,0.5,,,,,,,,,,,,,,,,,,,,,,
,,,,,,,,,,,,,,,,,,,,,,,,,,,,F#5,5.0,5.0,0.0,0.0,0.0,,,,,,,,,,,,,,,Rest,0.5,,,,,,,,,,,,,,,,,,,,,,
,,,,,,,,,,,,,,,,,,,,,,,,,,,,G#3,8.0,8.0,0.0,0.0,0.0,,,,,,,,,,,,,,,Play,0.5,,,,,,,,,,,,,,,,,,,,,,
,,,,,,,,,,,,,,,,,,,,,,,,,,,,G#4,8.0,7.0,0.0,0.0,1.0,,,,,,,,,,,,,,,Rest,0.5,,,,,,,,,,,,,,,,,,,,,,
,,,,,,,,,,,,,,,,,,,,,,,,,,,,,,,,,,,,,,,,,,,,,,,,Play,1.0,,,,,,,,,,,,,,,,,,,,,,
,,,,,,,,,,,,,,,,,,,,,,,,,,,,,,,,,,,,,,,,,,,,,,,,Rest,15.0,,,,,,,,,,,,,,,,,,,,,,
,,,,,,,,,,,,,,,,,,,,,,,,,,,,,,,,,,,,,,,,,,,,,,,,Play,65.0,,,,,,,,,,,,,,,,,,,,,,
,brass synth,2.0,145.0,4.0,4.0,131.0,131.0,0.0,0.0,4.0,3.7517241379310335,96.55172413793105,0.0,3.4482758620689653,,3 sharps,156.0,64.0,75.0,19.0,4.0,['A'],64.0,62.0,0.0,2.0,0.0,A2,7.0,7.0,0.0,0.0,0.0,27.0,30.0,16.0,8.0,0.0,6.5,12.0,,4/4,162.0,26.0,136.0,16.0,15.0,Rest,4.0,,2.0,38.0,"[42, 66, 70, 122, 126, 138, 150]",0.0,4.0,25.0,"[29, 53, 57, 109, 113]",3.0,8.0,41.0,"[69, 125, 137, 149]",0.0,43.0,9.0,19.0,71.0,0.0,3.0,0.0,3.0,
,,,,,2.0,4.0,4.0,0.0,0.0,,,,,,,,,,,,,"['A#', 'Bb']",0.0,0.0,0.0,0.0,0.0,A3,25.0,25.0,0.0,0.0,0.0,,,,,,,,,,,,,,,Play,4.0,,2.0,133.0,"[134, 135, 145, 146, 147, 157, 158]",0.0,4.0,130.0,"[142, 154]",0.0,8.0,36.0,"[64, 120]",0.0,,,,,,,,,
,,,,,1.0,9.0,5.0,0.0,4.0,,,,,,,,,,,,,"['B', 'Cb']",32.0,28.0,2.0,2.0,0.0,A4,26.0,26.0,0.0,0.0,0.0,,,,,,,,,,,,,,,Rest,2.0,,2.0,26.0,"[30, 54, 58, 110, 114, 118]",0.0,,,,,8.0,126.0,"[138, 150]",0.0,,,,,,,,,
,,,,,3.0,1.0,0.0,0.0,1.0,,,,,,,,,,,,,"['B#', 'C']",0.0,0.0,0.0,0.0,0.0,A5,6.0,4.0,0.0,2.0,0.0,,,,,,,,,,,,,,,Play,38.5,,2.0,27.0,"[31, 55, 59, 111, 115]",0.0,,,,,8.0,13.0,[97],0.0,,,,,,,,,
,,,,,,,,,,,,,,,,,,,,,,"['C#', 'Db']",11.0,9.0,2.0,0.0,0.0,B2,9.0,9.0,0.0,0.0,0.0,,,,,,,,,,,,,,,Rest,0.5,,2.0,44.0,"[72, 128, 140, 152]",0.0,,,,,8.0,28.0,[56],0.0,,,,,,,,,
,,,,,,,,,,,,,,,,,,,,,,['D'],11.0,9.0,0.0,2.0,0.0,B4,17.0,15.0,2.0,0.0,0.0,,,,,,,,,,,,,,,Play,0.5,,2.0,15.0,"[23, 99]",0.0,,,,,8.0,42.0,[70],0.0,,,,,,,,,
,,,,,,,,,,,,,,,,,,,,,,"['D#', 'Eb']",0.0,0.0,0.0,0.0,0.0,B5,6.0,4.0,0.0,2.0,0.0,,,,,,,,,,,,,,,Rest,0.5,,2.0,40.0,"[68, 124]",0.0,,,,,8.0,129.0,[141],0.0,,,,,,,,,
,,,,,,,,,,,,,,,,,,,,,,"['E', 'Fb']",49.0,46.0,0.0,3.0,0.0,C#4,7.0,7.0,0.0,0.0,0.0,,,,,,,,,,,,,,,Play,0.5,,2.0,132.0,"[144, 156]",0.0,,,,,,,,,,,,,,,,,
,,,,,,,,,,,,,,,,,,,,,,"['E#', 'F']",0.0,0.0,0.0,0.0,0.0,C#5,4.0,2.0,2.0,0.0,0.0,,,,,,,,,,,,,,,Rest,0.5,,,,,,,,,,,,,,,,,,,,,,
,,,,,,,,,,,,,,,,,,,,,,"['F#', 'Gb']",37.0,37.0,0.0,0.0,0.0,D3,3.0,3.0,0.0,0.0,0.0,,,,,,,,,,,,,,,Play,0.5,,,,,,,,,,,,,,,,,,,,,,
,,,,,,,,,,,,,,,,,,,,,,['G'],0.0,0.0,0.0,0.0,0.0,D5,8.0,6.0,0.0,2.0,0.0,,,,,,,,,,,,,,,Rest,0.5,,,,,,,,,,,,,,,,,,,,,,
,,,,,,,,,,,,,,,,,,,,,,"['G#', 'Ab']",16.0,15.0,0.0,0.0,0.0,E3,12.0,12.0,0.0,0.0,0.0,,,,,,,,,,,,,,,Play,24.5,,,,,,,,,,,,,,,,,,,,,,
,,,,,,,,,,,,,,,,,,,,,,,,,,,,E4,30.0,29.0,0.0,1.0,0.0,,,,,,,,,,,,,,,Rest,0.5,,,,,,,,,,,,,,,,,,,,,,
,,,,,,,,,,,,,,,,,,,,,,,,,,,,E5,7.0,5.0,0.0,2.0,0.0,,,,,,,,,,,,,,,Play,0.5,,,,,,,,,,,,,,,,,,,,,,
,,,,,,,,,,,,,,,,,,,,,,,,,,,,F#3,2.0,2.0,0.0,0.0,0.0,,,,,,,,,,,,,,,Rest,0.5,,,,,,,,,,,,,,,,,,,,,,
,,,,,,,,,,,,,,,,,,,,,,,,,,,,F#4,30.0,30.0,0.0,0.0,0.0,,,,,,,,,,,,,,,Play,0.5,,,,,,,,,,,,,,,,,,,,,,
,,,,,,,,,,,,,,,,,,,,,,,,,,,,F#5,5.0,5.0,0.0,0.0,0.0,,,,,,,,,,,,,,,Rest,0.5,,,,,,,,,,,,,,,,,,,,,,
,,,,,,,,,,,,,,,,,,,,,,,,,,,,G#3,8.0,8.0,0.0,0.0,0.0,,,,,,,,,,,,,,,Play,0.5,,,,,,,,,,,,,,,,,,,,,,
,,,,,,,,,,,,,,,,,,,,,,,,,,,,G#4,8.0,7.0,0.0,0.0,1.0,,,,,,,,,,,,,,,Rest,0.5,,,,,,,,,,,,,,,,,,,,,,
,,,,,,,,,,,,,,,,,,,,,,,,,,,,,,,,,,,,,,,,,,,,,,,,Play,1.0,,,,,,,,,,,,,,,,,,,,,,
,,,,,,,,,,,,,,,,,,,,,,,,,,,,,,,,,,,,,,,,,,,,,,,,Rest,15.0,,,,,,,,,,,,,,,,,,,,,,
,,,,,,,,,,,,,,,,,,,,,,,,,,,,,,,,,,,,,,,,,,,,,,,,Play,65.0,,,,,,,,,,,,,,,,,,,,,,
Don't Stop Believing,Bass,1.0,373.0,5.0,3.0,58.0,58.0,0.0,0.0,5.0,2.4772117962466487,61.93029490616622,3.4852546916890086,15.549597855227885,,4 sharps,304.0,69.0,0.0,8.0,3.0,['A'],62.0,39.0,0.0,0.0,0.0,A2,54.0,31.0,0.0,0.0,23.0,12.0,242.0,47.0,59.0,24.0,7.303763440860215,22.0,,4/4,233.0,2.0,231.0,0.0,0.0,Play,231.0,,2.0,12.0,"[20, 36, 64, 72, 96, 104, 112, 120]",0.0,4.0,13.0,"[21, 37, 65, 73, 97, 105, 113]",0.0,8.0,9.0,"[17, 33, 61, 69, 93, 101, 109]",4.0,23.0,23.0,25.0,71.0,0.0,6.0,9.0,15.0,
,,,,,0.5,129.0,0.0,0.0,58.0,,,,,,,,,,,,,"['A#', 'Bb']",0.0,0.0,0.0,0.0,0.0,A3,8.0,8.0,0.0,0.0,0.0,,,,,,,,,,,,,,,,,,2.0,15.0,"[23, 39, 67, 75, 99, 107, 115]",0.0,4.0,41.0,"[45, 49, 77, 81, 85]",4.0,8.0,16.0,"[60, 68, 100, 108, 116]",3.0,,,,,,,,,
,,,,,4.0,160.0,160.0,0.0,0.0,,,,,,,,,,,,,"['B', 'Cb']",180.0,109.0,0.0,0.0,0.0,B1,107.0,107.0,0.0,0.0,0.0,,,,,,,,,,,,,,,,,,2.0,42.0,"[46, 50, 78, 82, 86]",0.0,4.0,14.0,"[66, 98, 106, 114]",0.0,8.0,10.0,"[62, 94, 102, 110]",2.0,,,,,,,,,
,,,,,2.0,13.0,11.0,2.0,0.0,,,,,,,,,,,,,"['B#', 'C']",0.0,0.0,0.0,0.0,0.0,B2,73.0,2.0,0.0,0.0,71.0,,,,,,,,,,,,,,,,,,,,,,4.0,44.0,"[48, 80, 84]",2.0,8.0,1.0,[25],0.0,,,,,,,,,
,,,,,1.5,13.0,2.0,11.0,0.0,,,,,,,,,,,,,"['C#', 'Db']",36.0,0.0,0.0,0.0,0.0,C#3,36.0,0.0,0.0,0.0,36.0,,,,,,,,,,,,,,,,,,,,,,,,,,8.0,34.0,[70],0.0,,,,,,,,,
,,,,,,,,,,,,,,,,,,,,,,['D'],0.0,0.0,0.0,0.0,0.0,E2,56.0,6.0,13.0,0.0,37.0,,,,,,,,,,,,,,,,,,,,,,,,,,8.0,48.0,[84],0.0,,,,,,,,,
,,,,,,,,,,,,,,,,,,,,,,"['D#', 'Eb']",0.0,0.0,0.0,0.0,0.0,E3,6.0,6.0,0.0,0.0,0.0,,,,,,,,,,,,,,,,,,,,,,,,,,,,,,,,,,,,,,
,,,,,,,,,,,,,,,,,,,,,,"['E', 'Fb']",62.0,12.0,13.0,0.0,0.0,G#2,33.0,0.0,0.0,0.0,33.0,,,,,,,,,,,,,,,,,,,,,,,,,,,,,,,,,,,,,,
,,,,,,,,,,,,,,,,,,,,,,"['E#', 'F']",0.0,0.0,0.0,0.0,0.0,,,,,,,,,,,,,,,,,,,,,,,,,,,,,,,,,,,,,,,,,,,,
,,,,,,,,,,,,,,,,,,,,,,"['F#', 'Gb']",0.0,0.0,0.0,0.0,0.0,,,,,,,,,,,,,,,,,,,,,,,,,,,,,,,,,,,,,,,,,,,,
,,,,,,,,,,,,,,,,,,,,,,['G'],0.0,0.0,0.0,0.0,0.0,,,,,,,,,,,,,,,,,,,,,,,,,,,,,,,,,,,,,,,,,,,,
,,,,,,,,,,,,,,,,,,,,,,"['G#', 'Ab']",33.0,0.0,0.0,0.0,0.0,,,,,,,,,,,,,,,,,,,,,,,,,,,,,,,,,,,,,,,,,,,,
,Bass,1.0,373.0,5.0,3.0,58.0,58.0,0.0,0.0,5.0,2.4772117962466487,61.93029490616622,3.4852546916890086,15.549597855227885,,4 sharps,304.0,69.0,0.0,8.0,3.0,['A'],62.0,39.0,0.0,0.0,0.0,A2,54.0,31.0,0.0,0.0,23.0,12.0,242.0,47.0,59.0,24.0,7.303763440860215,22.0,,4/4,233.0,2.0,231.0,0.0,0.0,Play,231.0,,2.0,12.0,"[20, 36, 64, 72, 96, 104, 112, 120]",0.0,4.0,13.0,"[21, 37, 65, 73, 97, 105, 113]",0.0,8.0,9.0,"[17, 33, 61, 69, 93, 101, 109]",4.0,23.0,23.0,25.0,71.0,0.0,6.0,9.0,15.0,
,,,,,0.5,129.0,0.0,0.0,58.0,,,,,,,,,,,,,"['A#', 'Bb']",0.0,0.0,0.0,0.0,0.0,A3,8.0,8.0,0.0,0.0,0.0,,,,,,,,,,,,,,,,,,2.0,15.0,"[23, 39, 67, 75, 99, 107, 115]",0.0,4.0,41.0,"[45, 49, 77, 81, 85]",4.0,8.0,16.0,"[60, 68, 100, 108, 116]",3.0,,,,,,,,,
,,,,,4.0,160.0,160.0,0.0,0.0,,,,,,,,,,,,,"['B', 'Cb']",180.0,109.0,0.0,0.0,0.0,B1,107.0,107.0,0.0,0.0,0.0,,,,,,,,,,,,,,,,,,2.0,42.0,"[46, 50, 78, 82, 86]",0.0,4.0,14.0,"[66, 98, 106, 114]",0.0,8.0,10.0,"[62, 94, 102, 110]",2.0,,,,,,,,,
,,,,,2.0,13.0,11.0,2.0,0.0,,,,,,,,,,,,,"['B#', 'C']",0.0,0.0,0.0,0.0,0.0,B2,73.0,2.0,0.0,0.0,71.0,,,,,,,,,,,,,,,,,,,,,,4.0,44.0,"[48, 80, 84]",2.0,8.0,1.0,[25],0.0,,,,,,,,,
,,,,,1.5,13.0,2.0,11.0,0.0,,,,,,,,,,,,,"['C#', 'Db']",36.0,0.0,0.0,0.0,0.0,C#3,36.0,0.0,0.0,0.0,36.0,,,,,,,,,,,,,,,,,,,,,,,,,,8.0,34.0,[70],0.0,,,,,,,,,
,,,,,,,,,,,,,,,,,,,,,,['D'],0.0,0.0,0.0,0.0,0.0,E2,56.0,6.0,13.0,0.0,37.0,,,,,,,,,,,,,,,,,,,,,,,,,,8.0,48.0,[84],0.0,,,,,,,,,
,,,,,,,,,,,,,,,,,,,,,,"['D#', 'Eb']",0.0,0.0,0.0,0.0,0.0,E3,6.0,6.0,0.0,0.0,0.0,,,,,,,,,,,,,,,,,,,,,,,,,,,,,,,,,,,,,,
,,,,,,,,,,,,,,,,,,,,,,"['E', 'Fb']",62.0,12.0,13.0,0.0,0.0,G#2,33.0,0.0,0.0,0.0,33.0,,,,,,,,,,,,,,,,,,,,,,,,,,,,,,,,,,,,,,
,,,,,,,,,,,,,,,,,,,,,,"['E#', 'F']",0.0,0.0,0.0,0.0,0.0,,,,,,,,,,,,,,,,,,,,,,,,,,,,,,,,,,,,,,,,,,,,
,,,,,,,,,,,,,,,,,,,,,,"['F#', 'Gb']",0.0,0.0,0.0,0.0,0.0,,,,,,,,,,,,,,,,,,,,,,,,,,,,,,,,,,,,,,,,,,,,
,,,,,,,,,,,,,,,,,,,,,,['G'],0.0,0.0,0.0,0.0,0.0,,,,,,,,,,,,,,,,,,,,,,,,,,,,,,,,,,,,,,,,,,,,
,,,,,,,,,,,,,,,,,,,,,,"['G#', 'Ab']",33.0,0.0,0.0,0.0,0.0,,,,,,,,,,,,,,,,,,,,,,,,,,,,,,,,,,,,,,,,,,,,
,Bass,1.0,373.0,5.0,3.0,58.0,58.0,0.0,0.0,5.0,2.4772117962466487,61.93029490616622,3.4852546916890086,15.549597855227885,,4 sharps,304.0,69.0,0.0,8.0,3.0,['A'],62.0,39.0,0.0,0.0,0.0,A2,54.0,31.0,0.0,0.0,23.0,12.0,242.0,47.0,59.0,24.0,7.303763440860215,22.0,,4/4,233.0,2.0,231.0,0.0,0.0,Play,231.0,,2.0,12.0,"[20, 36, 64, 72, 96, 104, 112, 120]",0.0,4.0,13.0,"[21, 37, 65, 73, 97, 105, 113]",0.0,8.0,9.0,"[17, 33, 61, 69, 93, 101, 109]",4.0,23.0,23.0,25.0,71.0,0.0,6.0,9.0,15.0,
,,,,,0.5,129.0,0.0,0.0,58.0,,,,,,,,,,,,,"['A#', 'Bb']",0.0,0.0,0.0,0.0,0.0,A3,8.0,8.0,0.0,0.0,0.0,,,,,,,,,,,,,,,,,,2.0,15.0,"[23, 39, 67, 75, 99, 107, 115]",0.0,4.0,41.0,"[45, 49, 77, 81, 85]",4.0,8.0,16.0,"[60, 68, 100, 108, 116]",3.0,,,,,,,,,
,,,,,4.0,160.0,160.0,0.0,0.0,,,,,,,,,,,,,"['B', 'Cb']",180.0,109.0,0.0,0.0,0.0,B1,107.0,107.0,0.0,0.0,0.0,,,,,,,,,,,,,,,,,,2.0,42.0,"[46, 50, 78, 82, 86]",0.0,4.0,14.0,"[66, 98, 106, 114]",0.0,8.0,10.0,"[62, 94, 102, 110]",2.0,,,,,,,,,
,,,,,2.0,13.0,11.0,2.0,0.0,,,,,,,,,,,,,"['B#', 'C']",0.0,0.0,0.0,0.0,0.0,B2,73.0,2.0,0.0,0.0,71.0,,,,,,,,,,,,,,,,,,,,,,4.0,44.0,"[48, 80, 84]",2.0,8.0,1.0,[25],0.0,,,,,,,,,
,,,,,1.5,13.0,2.0,11.0,0.0,,,,,,,,,,,,,"['C#', 'Db']",36.0,0.0,0.0,0.0,0.0,C#3,36.0,0.0,0.0,0.0,36.0,,,,,,,,,,,,,,,,,,,,,,,,,,8.0,34.0,[70],0.0,,,,,,,,,
,,,,,,,,,,,,,,,,,,,,,,['D'],0.0,0.0,0.0,0.0,0.0,E2,56.0,6.0,13.0,0.0,37.0,,,,,,,,,,,,,,,,,,,,,,,,,,8.0,48.0,[84],0.0,,,,,,,,,
,,,,,,,,,,,,,,,,,,,,,,"['D#', 'Eb']",0.0,0.0,0.0,0.0,0.0,E3,6.0,6.0,0.0,0.0,0.0,,,,,,,,,,,,,,,,,,,,,,,,,,,,,,,,,,,,,,
,,,,,,,,,,,,,,,,,,,,,,"['E', 'Fb']",62.0,12.0,13.0,0.0,0.0,G#2,33.0,0.0,0.0,0.0,33.0,,,,,,,,,,,,,,,,,,,,,,,,,,,,,,,,,,,,,,
,,,,,,,,,,,,,,,,,,,,,,"['E#', 'F']",0.0,0.0,0.0,0.0,0.0,,,,,,,,,,,,,,,,,,,,,,,,,,,,,,,,,,,,,,,,,,,,
,,,,,,,,,,,,,,,,,,,,,,"['F#', 'Gb']",0.0,0.0,0.0,0.0,0.0,,,,,,,,,,,,,,,,,,,,,,,,,,,,,,,,,,,,,,,,,,,,
,,,,,,,,,,,,,,,,,,,,,,['G'],0.0,0.0,0.0,0.0,0.0,,,,,,,,,,,,,,,,,,,,,,,,,,,,,,,,,,,,,,,,,,,,
,,,,,,,,,,,,,,,,,,,,,,"['G#', 'Ab']",33.0,0.0,0.0,0.0,0.0,,,,,,,,,,,,,,,,,,,,,,,,,,,,,,,,,,,,,,,,,,,,
,Bass,1.0,373.0,5.0,3.0,58.0,58.0,0.0,0.0,5.0,2.4772117962466487,61.93029490616622,3.4852546916890086,15.549597855227885,,4 sharps,304.0,69.0,0.0,8.0,3.0,['A'],62.0,39.0,0.0,0.0,0.0,A2,54.0,31.0,0.0,0.0,23.0,12.0,242.0,47.0,59.0,24.0,7.303763440860215,22.0,,4/4,233.0,2.0,231.0,0.0,0.0,Play,231.0,,2.0,12.0,"[20, 36, 64, 72, 96, 104, 112, 120]",0.0,4.0,13.0,"[21, 37, 65, 73, 97, 105, 113]",0.0,8.0,9.0,"[17, 33, 61, 69, 93, 101, 109]",4.0,23.0,23.0,25.0,71.0,0.0,6.0,9.0,15.0,
,,,,,0.5,129.0,0.0,0.0,58.0,,,,,,,,,,,,,"['A#', 'Bb']",0.0,0.0,0.0,0.0,0.0,A3,8.0,8.0,0.0,0.0,0.0,,,,,,,,,,,,,,,,,,2.0,15.0,"[23, 39, 67, 75, 99, 107, 115]",0.0,4.0,41.0,"[45, 49, 77, 81, 85]",4.0,8.0,16.0,"[60, 68, 100, 108, 116]",3.0,,,,,,,,,
,,,,,4.0,160.0,160.0,0.0,0.0,,,,,,,,,,,,,"['B', 'Cb']",180.0,109.0,0.0,0.0,0.0,B1,107.0,107.0,0.0,0.0,0.0,,,,,,,,,,,,,,,,,,2.0,42.0,"[46, 50, 78, 82, 86]",0.0,4.0,14.0,"[66, 98, 106, 114]",0.0,8.0,10.0,"[62, 94, 102, 110]",2.0,,,,,,,,,
,,,,,2.0,13.0,11.0,2.0,0.0,,,,,,,,,,,,,"['B#', 'C']",0.0,0.0,0.0,0.0,0.0,B2,73.0,2.0,0.0,0.0,71.0,,,,,,,,,,,,,,,,,,,,,,4.0,44.0,"[48, 80, 84]",2.0,8.0,1.0,[25],0.0,,,,,,,,,
,,,,,1.5,13.0,2.0,11.0,0.0,,,,,,,,,,,,,"['C#', 'Db']",36.0,0.0,0.0,0.0,0.0,C#3,36.0,0.0,0.0,0.0,36.0,,,,,,,,,,,,,,,,,,,,,,,,,,8.0,34.0,[70],0.0,,,,,,,,,
,,,,,,,,,,,,,,,,,,,,,,['D'],0.0,0.0,0.0,0.0,0.0,E2,56.0,6.0,13.0,0.0,37.0,,,,,,,,,,,,,,,,,,,,,,,,,,8.0,48.0,[84],0.0,,,,,,,,,
,,,,,,,,,,,,,,,,,,,,,,"['D#', 'Eb']",0.0,0.0,0.0,0.0,0.0,E3,6.0,6.0,0.0,0.0,0.0,,,,,,,,,,,,,,,,,,,,,,,,,,,,,,,,,,,,,,
,,,,,,,,,,,,,,,,,,,,,,"['E', 'Fb']",62.0,12.0,13.0,0.0,0.0,G#2,33.0,0.0,0.0,0.0,33.0,,,,,,,,,,,,,,,,,,,,,,,,,,,,,,,,,,,,,,
,,,,,,,,,,,,,,,,,,,,,,"['E#', 'F']",0.0,0.0,0.0,0.0,0.0,,,,,,,,,,,,,,,,,,,,,,,,,,,,,,,,,,,,,,,,,,,,
,,,,,,,,,,,,,,,,,,,,,,"['F#', 'Gb']",0.0,0.0,0.0,0.0,0.0,,,,,,,,,,,,,,,,,,,,,,,,,,,,,,,,,,,,,,,,,,,,
,,,,,,,,,,,,,,,,,,,,,,['G'],0.0,0.0,0.0,0.0,0.0,,,,,,,,,,,,,,,,,,,,,,,,,,,,,,,,,,,,,,,,,,,,
,,,,,,,,,,,,,,,,,,,,,,"['G#', 'Ab']",33.0,0.0,0.0,0.0,0.0,,,,,,,,,,,,,,,,,,,,,,,,,,,,,,,,,,,,,,,,,,,,
,Bass,1.0,373.0,5.0,3.0,58.0,58.0,0.0,0.0,5.0,2.4772117962466487,61.93029490616622,3.4852546916890086,15.549597855227885,,4 sharps,304.0,69.0,0.0,8.0,3.0,['A'],62.0,39.0,0.0,0.0,0.0,A2,54.0,31.0,0.0,0.0,23.0,12.0,242.0,47.0,59.0,24.0,7.303763440860215,22.0,,4/4,233.0,2.0,231.0,0.0,0.0,Play,231.0,,2.0,12.0,"[20, 36, 64, 72, 96, 104, 112, 120]",0.0,4.0,13.0,"[21, 37, 65, 73, 97, 105, 113]",0.0,8.0,9.0,"[17, 33, 61, 69, 93, 101, 109]",4.0,23.0,23.0,25.0,71.0,0.0,6.0,9.0,15.0,
,,,,,0.5,129.0,0.0,0.0,58.0,,,,,,,,,,,,,"['A#', 'Bb']",0.0,0.0,0.0,0.0,0.0,A3,8.0,8.0,0.0,0.0,0.0,,,,,,,,,,,,,,,,,,2.0,15.0,"[23, 39, 67, 75, 99, 107, 115]",0.0,4.0,41.0,"[45, 49, 77, 81, 85]",4.0,8.0,16.0,"[60, 68, 100, 108, 116]",3.0,,,,,,,,,
,,,,,4.0,160.0,160.0,0.0,0.0,,,,,,,,,,,,,"['B', 'Cb']",180.0,109.0,0.0,0.0,0.0,B1,107.0,107.0,0.0,0.0,0.0,,,,,,,,,,,,,,,,,,2.0,42.0,"[46, 50, 78, 82, 86]",0.0,4.0,14.0,"[66, 98, 106, 114]",0.0,8.0,10.0,"[62, 94, 102, 110]",2.0,,,,,,,,,
,,,,,2.0,13.0,11.0,2.0,0.0,,,,,,,,,,,,,"['B#', 'C']",0.0,0.0,0.0,0.0,0.0,B2,73.0,2.0,0.0,0.0,71.0,,,,,,,,,,,,,,,,,,,,,,4.0,44.0,"[48, 80, 84]",2.0,8.0,1.0,[25],0.0,,,,,,,,,
,,,,,1.5,13.0,2.0,11.0,0.0,,,,,,,,,,,,,"['C#', 'Db']",36.0,0.0,0.0,0.0,0.0,C#3,36.0,0.0,0.0,0.0,36.0,,,,,,,,,,,,,,,,,,,,,,,,,,8.0,34.0,[70],0.0,,,,,,,,,
,,,,,,,,,,,,,,,,,,,,,,['D'],0.0,0.0,0.0,0.0,0.0,E2,56.0,6.0,13.0,0.0,37.0,,,,,,,,,,,,,,,,,,,,,,,,,,8.0,48.0,[84],0.0,,,,,,,,,
,,,,,,,,,,,,,,,,,,,,,,"['D#', 'Eb']",0.0,0.0,0.0,0.0,0.0,E3,6.0,6.0,0.0,0.0,0.0,,,,,,,,,,,,,,,,,,,,,,,,,,,,,,,,,,,,,,
,,,,,,,,,,,,,,,,,,,,,,"['E', 'Fb']",62.0,12.0,13.0,0.0,0.0,G#2,33.0,0.0,0.0,0.0,33.0,,,,,,,,,,,,,,,,,,,,,,,,,,,,,,,,,,,,,,
,,,,,,,,,,,,,,,,,,,,,,"['E#', 'F']",0.0,0.0,0.0,0.0,0.0,,,,,,,,,,,,,,,,,,,,,,,,,,,,,,,,,,,,,,,,,,,,
,,,,,,,,,,,,,,,,,,,,,,"['F#', 'Gb']",0.0,0.0,0.0,0.0,0.0,,,,,,,,,,,,,,,,,,,,,,,,,,,,,,,,,,,,,,,,,,,,
,,,,,,,,,,,,,,,,,,,,,,['G'],0.0,0.0,0.0,0.0,0.0,,,,,,,,,,,,,,,,,,,,,,,,,,,,,,,,,,,,,,,,,,,,
,,,,,,,,,,,,,,,,,,,,,,"['G#', 'Ab']",33.0,0.0,0.0,0.0,0.0,,,,,,,,,,,,,,,,,,,,,,,,,,,,,,,,,,,,,,,,,,,,
,Bass,1.0,373.0,5.0,3.0,58.0,58.0,0.0,0.0,5.0,2.4772117962466487,61.93029490616622,3.4852546916890086,15.549597855227885,,4 sharps,304.0,69.0,0.0,8.0,3.0,['A'],62.0,39.0,0.0,0.0,0.0,A2,54.0,31.0,0.0,0.0,23.0,12.0,242.0,47.0,59.0,24.0,7.303763440860215,22.0,,4/4,233.0,2.0,231.0,0.0,0.0,Play,231.0,,2.0,12.0,"[20, 36, 64, 72, 96, 104, 112, 120]",0.0,4.0,13.0,"[21, 37, 65, 73, 97, 105, 113]",0.0,8.0,9.0,"[17, 33, 61, 69, 93, 101, 109]",4.0,23.0,23.0,25.0,71.0,0.0,6.0,9.0,15.0,
,,,,,0.5,129.0,0.0,0.0,58.0,,,,,,,,,,,,,"['A#', 'Bb']",0.0,0.0,0.0,0.0,0.0,A3,8.0,8.0,0.0,0.0,0.0,,,,,,,,,,,,,,,,,,2.0,15.0,"[23, 39, 67, 75, 99, 107, 115]",0.0,4.0,41.0,"[45, 49, 77, 81, 85]",4.0,8.0,16.0,"[60, 68, 100, 108, 116]",3.0,,,,,,,,,
,,,,,4.0,160.0,160.0,0.0,0.0,,,,,,,,,,,,,"['B', 'Cb']",180.0,109.0,0.0,0.0,0.0,B1,107.0,107.0,0.0,0.0,0.0,,,,,,,,,,,,,,,,,,2.0,42.0,"[46, 50, 78, 82, 86]",0.0,4.0,14.0,"[66, 98, 106, 114]",0.0,8.0,10.0,"[62, 94, 102, 110]",2.0,,,,,,,,,
,,,,,2.0,13.0,11.0,2.0,0.0,,,,,,,,,,,,,"['B#', 'C']",0.0,0.0,0.0,0.0,0.0,B2,73.0,2.0,0.0,0.0,71.0,,,,,,,,,,,,,,,,,,,,,,4.0,44.0,"[48, 80, 84]",2.0,8.0,1.0,[25],0.0,,,,,,,,,
,,,,,1.5,13.0,2.0,11.0,0.0,,,,,,,,,,,,,"['C#', 'Db']",36.0,0.0,0.0,0.0,0.0,C#3,36.0,0.0,0.0,0.0,36.0,,,,,,,,,,,,,,,,,,,,,,,,,,8.0,34.0,[70],0.0,,,,,,,,,
,,,,,,,,,,,,,,,,,,,,,,['D'],0.0,0.0,0.0,0.0,0.0,E2,56.0,6.0,13.0,0.0,37.0,,,,,,,,,,,,,,,,,,,,,,,,,,8.0,48.0,[84],0.0,,,,,,,,,
,,,,,,,,,,,,,,,,,,,,,,"['D#', 'Eb']",0.0,0.0,0.0,0.0,0.0,E3,6.0,6.0,0.0,0.0,0.0,,,,,,,,,,,,,,,,,,,,,,,,,,,,,,,,,,,,,,
,,,,,,,,,,,,,,,,,,,,,,"['E', 'Fb']",62.0,12.0,13.0,0.0,0.0,G#2,33.0,0.0,0.0,0.0,33.0,,,,,,,,,,,,,,,,,,,,,,,,,,,,,,,,,,,,,,
,,,,,,,,,,,,,,,,,,,,,,"['E#', 'F']",0.0,0.0,0.0,0.0,0.0,,,,,,,,,,,,,,,,,,,,,,,,,,,,,,,,,,,,,,,,,,,,
,,,,,,,,,,,,,,,,,,,,,,"['F#', 'Gb']",0.0,0.0,0.0,0.0,0.0,,,,,,,,,,,,,,,,,,,,,,,,,,,,,,,,,,,,,,,,,,,,
,,,,,,,,,,,,,,,,,,,,,,['G'],0.0,0.0,0.0,0.0,0.0,,,,,,,,,,,,,,,,,,,,,,,,,,,,,,,,,,,,,,,,,,,,
,,,,,,,,,,,,,,,,,,,,,,"['G#', 'Ab']",33.0,0.0,0.0,0.0,0.0,,,,,,,,,,,,,,,,,,,,,,,,,,,,,,,,,,,,,,,,,,,,
,Bass,1.0,373.0,5.0,3.0,58.0,58.0,0.0,0.0,5.0,2.4772117962466487,61.93029490616622,3.4852546916890086,15.549597855227885,,4 sharps,304.0,69.0,0.0,8.0,3.0,['A'],62.0,39.0,0.0,0.0,0.0,A2,54.0,31.0,0.0,0.0,23.0,12.0,242.0,47.0,59.0,24.0,7.303763440860215,22.0,,4/4,233.0,2.0,231.0,0.0,0.0,Play,231.0,,2.0,12.0,"[20, 36, 64, 72, 96, 104, 112, 120]",0.0,4.0,13.0,"[21, 37, 65, 73, 97, 105, 113]",0.0,8.0,9.0,"[17, 33, 61, 69, 93, 101, 109]",4.0,23.0,23.0,25.0,71.0,0.0,6.0,9.0,15.0,
,,,,,0.5,129.0,0.0,0.0,58.0,,,,,,,,,,,,,"['A#', 'Bb']",0.0,0.0,0.0,0.0,0.0,A3,8.0,8.0,0.0,0.0,0.0,,,,,,,,,,,,,,,,,,2.0,15.0,"[23, 39, 67, 75, 99, 107, 115]",0.0,4.0,41.0,"[45, 49, 77, 81, 85]",4.0,8.0,16.0,"[60, 68, 100, 108, 116]",3.0,,,,,,,,,
,,,,,4.0,160.0,160.0,0.0,0.0,,,,,,,,,,,,,"['B', 'Cb']",180.0,109.0,0.0,0.0,0.0,B1,107.0,107.0,0.0,0.0,0.0,,,,,,,,,,,,,,,,,,2.0,42.0,"[46, 50, 78, 82, 86]",0.0,4.0,14.0,"[66, 98, 106, 114]",0.0,8.0,10.0,"[62, 94, 102, 110]",2.0,,,,,,,,,
,,,,,2.0,13.0,11.0,2.0,0.0,,,,,,,,,,,,,"['B#', 'C']",0.0,0.0,0.0,0.0,0.0,B2,73.0,2.0,0.0,0.0,71.0,,,,,,,,,,,,,,,,,,,,,,4.0,44.0,"[48, 80, 84]",2.0,8.0,1.0,[25],0.0,,,,,,,,,
,,,,,1.5,13.0,2.0,11.0,0.0,,,,,,,,,,,,,"['C#', 'Db']",36.0,0.0,0.0,0.0,0.0,C#3,36.0,0.0,0.0,0.0,36.0,,,,,,,,,,,,,,,,,,,,,,,,,,8.0,34.0,[70],0.0,,,,,,,,,
,,,,,,,,,,,,,,,,,,,,,,['D'],0.0,0.0,0.0,0.0,0.0,E2,56.0,6.0,13.0,0.0,37.0,,,,,,,,,,,,,,,,,,,,,,,,,,8.0,48.0,[84],0.0,,,,,,,,,
,,,,,,,,,,,,,,,,,,,,,,"['D#', 'Eb']",0.0,0.0,0.0,0.0,0.0,E3,6.0,6.0,0.0,0.0,0.0,,,,,,,,,,,,,,,,,,,,,,,,,,,,,,,,,,,,,,
,,,,,,,,,,,,,,,,,,,,,,"['E', 'Fb']",62.0,12.0,13.0,0.0,0.0,G#2,33.0,0.0,0.0,0.0,33.0,,,,,,,,,,,,,,,,,,,,,,,,,,,,,,,,,,,,,,
,,,,,,,,,,,,,,,,,,,,,,"['E#', 'F']",0.0,0.0,0.0,0.0,0.0,,,,,,,,,,,,,,,,,,,,,,,,,,,,,,,,,,,,,,,,,,,,
,,,,,,,,,,,,,,,,,,,,,,"['F#', 'Gb']",0.0,0.0,0.0,0.0,0.0,,,,,,,,,,,,,,,,,,,,,,,,,,,,,,,,,,,,,,,,,,,,
,,,,,,,,,,,,,,,,,,,,,,['G'],0.0,0.0,0.0,0.0,0.0,,,,,,,,,,,,,,,,,,,,,,,,,,,,,,,,,,,,,,,,,,,,
,,,,,,,,,,,,,,,,,,,,,,"['G#', 'Ab']",33.0,0.0,0.0,0.0,0.0,,,,,,,,,,,,,,,,,,,,,,,,,,,,,,,,,,,,,,,,,,,,
,Bass,1.0,373.0,5.0,3.0,58.0,58.0,0.0,0.0,5.0,2.4772117962466487,61.93029490616622,3.4852546916890086,15.549597855227885,,4 sharps,304.0,69.0,0.0,8.0,3.0,['A'],62.0,39.0,0.0,0.0,0.0,A2,54.0,31.0,0.0,0.0,23.0,12.0,242.0,47.0,59.0,24.0,7.303763440860215,22.0,,4/4,233.0,2.0,231.0,0.0,0.0,Play,231.0,,2.0,12.0,"[20, 36, 64, 72, 96, 104, 112, 120]",0.0,4.0,13.0,"[21, 37, 65, 73, 97, 105, 113]",0.0,8.0,9.0,"[17, 33, 61, 69, 93, 101, 109]",4.0,23.0,23.0,25.0,71.0,0.0,6.0,9.0,15.0,
,,,,,0.5,129.0,0.0,0.0,58.0,,,,,,,,,,,,,"['A#', 'Bb']",0.0,0.0,0.0,0.0,0.0,A3,8.0,8.0,0.0,0.0,0.0,,,,,,,,,,,,,,,,,,2.0,15.0,"[23, 39, 67, 75, 99, 107, 115]",0.0,4.0,41.0,"[45, 49, 77, 81, 85]",4.0,8.0,16.0,"[60, 68, 100, 108, 116]",3.0,,,,,,,,,
,,,,,4.0,160.0,160.0,0.0,0.0,,,,,,,,,,,,,"['B', 'Cb']",180.0,109.0,0.0,0.0,0.0,B1,107.0,107.0,0.0,0.0,0.0,,,,,,,,,,,,,,,,,,2.0,42.0,"[46, 50, 78, 82, 86]",0.0,4.0,14.0,"[66, 98, 106, 114]",0.0,8.0,10.0,"[62, 94, 102, 110]",2.0,,,,,,,,,
,,,,,2.0,13.0,11.0,2.0,0.0,,,,,,,,,,,,,"['B#', 'C']",0.0,0.0,0.0,0.0,0.0,B2,73.0,2.0,0.0,0.0,71.0,,,,,,,,,,,,,,,,,,,,,,4.0,44.0,"[48, 80, 84]",2.0,8.0,1.0,[25],0.0,,,,,,,,,
,,,,,1.5,13.0,2.0,11.0,0.0,,,,,,,,,,,,,"['C#', 'Db']",36.0,0.0,0.0,0.0,0.0,C#3,36.0,0.0,0.0,0.0,36.0,,,,,,,,,,,,,,,,,,,,,,,,,,8.0,34.0,[70],0.0,,,,,,,,,
,,,,,,,,,,,,,,,,,,,,,,['D'],0.0,0.0,0.0,0.0,0.0,E2,56.0,6.0,13.0,0.0,37.0,,,,,,,,,,,,,,,,,,,,,,,,,,8.0,48.0,[84],0.0,,,,,,,,,
,,,,,,,,,,,,,,,,,,,,,,"['D#', 'Eb']",0.0,0.0,0.0,0.0,0.0,E3,6.0,6.0,0.0,0.0,0.0,,,,,,,,,,,,,,,,,,,,,,,,,,,,,,,,,,,,,,
,,,,,,,,,,,,,,,,,,,,,,"['E', 'Fb']",62.0,12.0,13.0,0.0,0.0,G#2,33.0,0.0,0.0,0.0,33.0,,,,,,,,,,,,,,,,,,,,,,,,,,,,,,,,,,,,,,
,,,,,,,,,,,,,,,,,,,,,,"['E#', 'F']",0.0,0.0,0.0,0.0,0.0,,,,,,,,,,,,,,,,,,,,,,,,,,,,,,,,,,,,,,,,,,,,
,,,,,,,,,,,,,,,,,,,,,,"['F#', 'Gb']",0.0,0.0,0.0,0.0,0.0,,,,,,,,,,,,,,,,,,,,,,,,,,,,,,,,,,,,,,,,,,,,
,,,,,,,,,,,,,,,,,,,,,,['G'],0.0,0.0,0.0,0.0,0.0,,,,,,,,,,,,,,,,,,,,,,,,,,,,,,,,,,,,,,,,,,,,
,,,,,,,,,,,,,,,,,,,,,,"['G#', 'Ab']",33.0,0.0,0.0,0.0,0.0,,,,,,,,,,,,,,,,,,,,,,,,,,,,,,,,,,,,,,,,,,,,
,Bass,1.0,373.0,5.0,3.0,58.0,58.0,0.0,0.0,5.0,2.4772117962466487,61.93029490616622,3.4852546916890086,15.549597855227885,,4 sharps,304.0,69.0,0.0,8.0,3.0,['A'],62.0,39.0,0.0,0.0,0.0,A2,54.0,31.0,0.0,0.0,23.0,12.0,242.0,47.0,59.0,24.0,7.303763440860215,22.0,,4/4,233.0,2.0,231.0,0.0,0.0,Play,231.0,,2.0,12.0,"[20, 36, 64, 72, 96, 104, 112, 120]",0.0,4.0,13.0,"[21, 37, 65, 73, 97, 105, 113]",0.0,8.0,9.0,"[17, 33, 61, 69, 93, 101, 109]",4.0,23.0,23.0,25.0,71.0,0.0,6.0,9.0,15.0,
,,,,,0.5,129.0,0.0,0.0,58.0,,,,,,,,,,,,,"['A#', 'Bb']",0.0,0.0,0.0,0.0,0.0,A3,8.0,8.0,0.0,0.0,0.0,,,,,,,,,,,,,,,,,,2.0,15.0,"[23, 39, 67, 75, 99, 107, 115]",0.0,4.0,41.0,"[45, 49, 77, 81, 85]",4.0,8.0,16.0,"[60, 68, 100, 108, 116]",3.0,,,,,,,,,
,,,,,4.0,160.0,160.0,0.0,0.0,,,,,,,,,,,,,"['B', 'Cb']",180.0,109.0,0.0,0.0,0.0,B1,107.0,107.0,0.0,0.0,0.0,,,,,,,,,,,,,,,,,,2.0,42.0,"[46, 50, 78, 82, 86]",0.0,4.0,14.0,"[66, 98, 106, 114]",0.0,8.0,10.0,"[62, 94, 102, 110]",2.0,,,,,,,,,
,,,,,2.0,13.0,11.0,2.0,0.0,,,,,,,,,,,,,"['B#', 'C']",0.0,0.0,0.0,0.0,0.0,B2,73.0,2.0,0.0,0.0,71.0,,,,,,,,,,,,,,,,,,,,,,4.0,44.0,"[48, 80, 84]",2.0,8.0,1.0,[25],0.0,,,,,,,,,
,,,,,1.5,13.0,2.0,11.0,0.0,,,,,,,,,,,,,"['C#', 'Db']",36.0,0.0,0.0,0.0,0.0,C#3,36.0,0.0,0.0,0.0,36.0,,,,,,,,,,,,,,,,,,,,,,,,,,8.0,34.0,[70],0.0,,,,,,,,,
,,,,,,,,,,,,,,,,,,,,,,['D'],0.0,0.0,0.0,0.0,0.0,E2,56.0,6.0,13.0,0.0,37.0,,,,,,,,,,,,,,,,,,,,,,,,,,8.0,48.0,[84],0.0,,,,,,,,,
,,,,,,,,,,,,,,,,,,,,,,"['D#', 'Eb']",0.0,0.0,0.0,0.0,0.0,E3,6.0,6.0,0.0,0.0,0.0,,,,,,,,,,,,,,,,,,,,,,,,,,,,,,,,,,,,,,
,,,,,,,,,,,,,,,,,,,,,,"['E', 'Fb']",62.0,12.0,13.0,0.0,0.0,G#2,33.0,0.0,0.0,0.0,33.0,,,,,,,,,,,,,,,,,,,,,,,,,,,,,,,,,,,,,,
,,,,,,,,,,,,,,,,,,,,,,"['E#', 'F']",0.0,0.0,0.0,0.0,0.0,,,,,,,,,,,,,,,,,,,,,,,,,,,,,,,,,,,,,,,,,,,,
,,,,,,,,,,,,,,,,,,,,,,"['F#', 'Gb']",0.0,0.0,0.0,0.0,0.0,,,,,,,,,,,,,,,,,,,,,,,,,,,,,,,,,,,,,,,,,,,,
,,,,,,,,,,,,,,,,,,,,,,['G'],0.0,0.0,0.0,0.0,0.0,,,,,,,,,,,,,,,,,,,,,,,,,,,,,,,,,,,,,,,,,,,,
,,,,,,,,,,,,,,,,,,,,,,"['G#', 'Ab']",33.0,0.0,0.0,0.0,0.0,,,,,,,,,,,,,,,,,,,,,,,,,,,,,,,,,,,,,,,,,,,,
SO69,Bass,1.0,373.0,5.0,3.0,58.0,58.0,0.0,0.0,5.0,2.4772117962466487,61.93029490616622,3.4852546916890086,15.549597855227885,,4 sharps,304.0,69.0,0.0,8.0,3.0,['A'],62.0,39.0,0.0,0.0,0.0,A2,54.0,31.0,0.0,0.0,23.0,12.0,242.0,47.0,59.0,24.0,7.303763440860215,22.0,,4/4,233.0,2.0,231.0,0.0,0.0,Play,231.0,,2.0,12.0,"[20, 36, 64, 72, 96, 104, 112, 120]",0.0,4.0,13.0,"[21, 37, 65, 73, 97, 105, 113]",0.0,8.0,9.0,"[17, 33, 61, 69, 93, 101, 109]",4.0,23.0,23.0,25.0,71.0,0.0,6.0,9.0,15.0,
,,,,,0.5,129.0,0.0,0.0,58.0,,,,,,,,,,,,,"['A#', 'Bb']",0.0,0.0,0.0,0.0,0.0,A3,8.0,8.0,0.0,0.0,0.0,,,,,,,,,,,,,,,,,,2.0,15.0,"[23, 39, 67, 75, 99, 107, 115]",0.0,4.0,41.0,"[45, 49, 77, 81, 85]",4.0,8.0,16.0,"[60, 68, 100, 108, 116]",3.0,,,,,,,,,
,,,,,4.0,160.0,160.0,0.0,0.0,,,,,,,,,,,,,"['B', 'Cb']",180.0,109.0,0.0,0.0,0.0,B1,107.0,107.0,0.0,0.0,0.0,,,,,,,,,,,,,,,,,,2.0,42.0,"[46, 50, 78, 82, 86]",0.0,4.0,14.0,"[66, 98, 106, 114]",0.0,8.0,10.0,"[62, 94, 102, 110]",2.0,,,,,,,,,
,,,,,2.0,13.0,11.0,2.0,0.0,,,,,,,,,,,,,"['B#', 'C']",0.0,0.0,0.0,0.0,0.0,B2,73.0,2.0,0.0,0.0,71.0,,,,,,,,,,,,,,,,,,,,,,4.0,44.0,"[48, 80, 84]",2.0,8.0,1.0,[25],0.0,,,,,,,,,
,,,,,1.5,13.0,2.0,11.0,0.0,,,,,,,,,,,,,"['C#', 'Db']",36.0,0.0,0.0,0.0,0.0,C#3,36.0,0.0,0.0,0.0,36.0,,,,,,,,,,,,,,,,,,,,,,,,,,8.0,34.0,[70],0.0,,,,,,,,,
,,,,,,,,,,,,,,,,,,,,,,['D'],0.0,0.0,0.0,0.0,0.0,E2,56.0,6.0,13.0,0.0,37.0,,,,,,,,,,,,,,,,,,,,,,,,,,8.0,48.0,[84],0.0,,,,,,,,,
,,,,,,,,,,,,,,,,,,,,,,"['D#', 'Eb']",0.0,0.0,0.0,0.0,0.0,E3,6.0,6.0,0.0,0.0,0.0,,,,,,,,,,,,,,,,,,,,,,,,,,,,,,,,,,,,,,
,,,,,,,,,,,,,,,,,,,,,,"['E', 'Fb']",62.0,12.0,13.0,0.0,0.0,G#2,33.0,0.0,0.0,0.0,33.0,,,,,,,,,,,,,,,,,,,,,,,,,,,,,,,,,,,,,,
,,,,,,,,,,,,,,,,,,,,,,"['E#', 'F']",0.0,0.0,0.0,0.0,0.0,,,,,,,,,,,,,,,,,,,,,,,,,,,,,,,,,,,,,,,,,,,,
,,,,,,,,,,,,,,,,,,,,,,"['F#', 'Gb']",0.0,0.0,0.0,0.0,0.0,,,,,,,,,,,,,,,,,,,,,,,,,,,,,,,,,,,,,,,,,,,,
,,,,,,,,,,,,,,,,,,,,,,['G'],0.0,0.0,0.0,0.0,0.0,,,,,,,,,,,,,,,,,,,,,,,,,,,,,,,,,,,,,,,,,,,,
,,,,,,,,,,,,,,,,,,,,,,"['G#', 'Ab']",33.0,0.0,0.0,0.0,0.0,,,,,,,,,,,,,,,,,,,,,,,,,,,,,,,,,,,,,,,,,,,,
,Bass,1.0,373.0,5.0,3.0,58.0,58.0,0.0,0.0,5.0,2.4772117962466487,61.93029490616622,3.4852546916890086,15.549597855227885,,4 sharps,304.0,69.0,0.0,8.0,3.0,['A'],62.0,39.0,0.0,0.0,0.0,A2,54.0,31.0,0.0,0.0,23.0,12.0,242.0,47.0,59.0,24.0,7.303763440860215,22.0,,4/4,233.0,2.0,231.0,0.0,0.0,Play,231.0,,2.0,12.0,"[20, 36, 64, 72, 96, 104, 112, 120]",0.0,4.0,13.0,"[21, 37, 65, 73, 97, 105, 113]",0.0,8.0,9.0,"[17, 33, 61, 69, 93, 101, 109]",4.0,23.0,23.0,25.0,71.0,0.0,6.0,9.0,15.0,
,,,,,0.5,129.0,0.0,0.0,58.0,,,,,,,,,,,,,"['A#', 'Bb']",0.0,0.0,0.0,0.0,0.0,A3,8.0,8.0,0.0,0.0,0.0,,,,,,,,,,,,,,,,,,2.0,15.0,"[23, 39, 67, 75, 99, 107, 115]",0.0,4.0,41.0,"[45, 49, 77, 81, 85]",4.0,8.0,16.0,"[60, 68, 100, 108, 116]",3.0,,,,,,,,,
,,,,,4.0,160.0,160.0,0.0,0.0,,,,,,,,,,,,,"['B', 'Cb']",180.0,109.0,0.0,0.0,0.0,B1,107.0,107.0,0.0,0.0,0.0,,,,,,,,,,,,,,,,,,2.0,42.0,"[46, 50, 78, 82, 86]",0.0,4.0,14.0,"[66, 98, 106, 114]",0.0,8.0,10.0,"[62, 94, 102, 110]",2.0,,,,,,,,,
,,,,,2.0,13.0,11.0,2.0,0.0,,,,,,,,,,,,,"['B#', 'C']",0.0,0.0,0.0,0.0,0.0,B2,73.0,2.0,0.0,0.0,71.0,,,,,,,,,,,,,,,,,,,,,,4.0,44.0,"[48, 80, 84]",2.0,8.0,1.0,[25],0.0,,,,,,,,,
,,,,,1.5,13.0,2.0,11.0,0.0,,,,,,,,,,,,,"['C#', 'Db']",36.0,0.0,0.0,0.0,0.0,C#3,36.0,0.0,0.0,0.0,36.0,,,,,,,,,,,,,,,,,,,,,,,,,,8.0,34.0,[70],0.0,,,,,,,,,
,,,,,,,,,,,,,,,,,,,,,,['D'],0.0,0.0,0.0,0.0,0.0,E2,56.0,6.0,13.0,0.0,37.0,,,,,,,,,,,,,,,,,,,,,,,,,,8.0,48.0,[84],0.0,,,,,,,,,
,,,,,,,,,,,,,,,,,,,,,,"['D#', 'Eb']",0.0,0.0,0.0,0.0,0.0,E3,6.0,6.0,0.0,0.0,0.0,,,,,,,,,,,,,,,,,,,,,,,,,,,,,,,,,,,,,,
,,,,,,,,,,,,,,,,,,,,,,"['E', 'Fb']",62.0,12.0,13.0,0.0,0.0,G#2,33.0,0.0,0.0,0.0,33.0,,,,,,,,,,,,,,,,,,,,,,,,,,,,,,,,,,,,,,
,,,,,,,,,,,,,,,,,,,,,,"['E#', 'F']",0.0,0.0,0.0,0.0,0.0,,,,,,,,,,,,,,,,,,,,,,,,,,,,,,,,,,,,,,,,,,,,
,,,,,,,,,,,,,,,,,,,,,,"['F#', 'Gb']",0.0,0.0,0.0,0.0,0.0,,,,,,,,,,,,,,,,,,,,,,,,,,,,,,,,,,,,,,,,,,,,
,,,,,,,,,,,,,,,,,,,,,,['G'],0.0,0.0,0.0,0.0,0.0,,,,,,,,,,,,,,,,,,,,,,,,,,,,,,,,,,,,,,,,,,,,
,,,,,,,,,,,,,,,,,,,,,,"['G#', 'Ab']",33.0,0.0,0.0,0.0,0.0,,,,,,,,,,,,,,,,,,,,,,,,,,,,,,,,,,,,,,,,,,,,
,Bass,1.0,373.0,5.0,3.0,58.0,58.0,0.0,0.0,5.0,2.4772117962466487,61.93029490616622,3.4852546916890086,15.549597855227885,,4 sharps,304.0,69.0,0.0,8.0,3.0,['A'],62.0,39.0,0.0,0.0,0.0,A2,54.0,31.0,0.0,0.0,23.0,12.0,242.0,47.0,59.0,24.0,7.303763440860215,22.0,,4/4,233.0,2.0,231.0,0.0,0.0,Play,231.0,,2.0,12.0,"[20, 36, 64, 72, 96, 104, 112, 120]",0.0,4.0,13.0,"[21, 37, 65, 73, 97, 105, 113]",0.0,8.0,9.0,"[17, 33, 61, 69, 93, 101, 109]",4.0,23.0,23.0,25.0,71.0,0.0,6.0,9.0,15.0,
,,,,,0.5,129.0,0.0,0.0,58.0,,,,,,,,,,,,,"['A#', 'Bb']",0.0,0.0,0.0,0.0,0.0,A3,8.0,8.0,0.0,0.0,0.0,,,,,,,,,,,,,,,,,,2.0,15.0,"[23, 39, 67, 75, 99, 107, 115]",0.0,4.0,41.0,"[45, 49, 77, 81, 85]",4.0,8.0,16.0,"[60, 68, 100, 108, 116]",3.0,,,,,,,,,
,,,,,4.0,160.0,160.0,0.0,0.0,,,,,,,,,,,,,"['B', 'Cb']",180.0,109.0,0.0,0.0,0.0,B1,107.0,107.0,0.0,0.0,0.0,,,,,,,,,,,,,,,,,,2.0,42.0,"[46, 50, 78, 82, 86]",0.0,4.0,14.0,"[66, 98, 106, 114]",0.0,8.0,10.0,"[62, 94, 102, 110]",2.0,,,,,,,,,
,,,,,2.0,13.0,11.0,2.0,0.0,,,,,,,,,,,,,"['B#', 'C']",0.0,0.0,0.0,0.0,0.0,B2,73.0,2.0,0.0,0.0,71.0,,,,,,,,,,,,,,,,,,,,,,4.0,44.0,"[48, 80, 84]",2.0,8.0,1.0,[25],0.0,,,,,,,,,
,,,,,1.5,13.0,2.0,11.0,0.0,,,,,,,,,,,,,"['C#', 'Db']",36.0,0.0,0.0,0.0,0.0,C#3,36.0,0.0,0.0,0.0,36.0,,,,,,,,,,,,,,,,,,,,,,,,,,8.0,34.0,[70],0.0,,,,,,,,,
,,,,,,,,,,,,,,,,,,,,,,['D'],0.0,0.0,0.0,0.0,0.0,E2,56.0,6.0,13.0,0.0,37.0,,,,,,,,,,,,,,,,,,,,,,,,,,8.0,48.0,[84],0.0,,,,,,,,,
,,,,,,,,,,,,,,,,,,,,,,"['D#', 'Eb']",0.0,0.0,0.0,0.0,0.0,E3,6.0,6.0,0.0,0.0,0.0,,,,,,,,,,,,,,,,,,,,,,,,,,,,,,,,,,,,,,
,,,,,,,,,,,,,,,,,,,,,,"['E', 'Fb']",62.0,12.0,13.0,0.0,0.0,G#2,33.0,0.0,0.0,0.0,33.0,,,,,,,,,,,,,,,,,,,,,,,,,,,,,,,,,,,,,,
,,,,,,,,,,,,,,,,,,,,,,"['E#', 'F']",0.0,0.0,0.0,0.0,0.0,,,,,,,,,,,,,,,,,,,,,,,,,,,,,,,,,,,,,,,,,,,,
,,,,,,,,,,,,,,,,,,,,,,"['F#', 'Gb']",0.0,0.0,0.0,0.0,0.0,,,,,,,,,,,,,,,,,,,,,,,,,,,,,,,,,,,,,,,,,,,,
,,,,,,,,,,,,,,,,,,,,,,['G'],0.0,0.0,0.0,0.0,0.0,,,,,,,,,,,,,,,,,,,,,,,,,,,,,,,,,,,,,,,,,,,,
,,,,,,,,,,,,,,,,,,,,,,"['G#', 'Ab']",33.0,0.0,0.0,0.0,0.0,,,,,,,,,,,,,,,,,,,,,,,,,,,,,,,,,,,,,,,,,,,,
,Bass,1.0,373.0,5.0,3.0,58.0,58.0,0.0,0.0,5.0,2.4772117962466487,61.93029490616622,3.4852546916890086,15.549597855227885,,4 sharps,304.0,69.0,0.0,8.0,3.0,['A'],62.0,39.0,0.0,0.0,0.0,A2,54.0,31.0,0.0,0.0,23.0,12.0,242.0,47.0,59.0,24.0,7.303763440860215,22.0,,4/4,233.0,2.0,231.0,0.0,0.0,Play,231.0,,2.0,12.0,"[20, 36, 64, 72, 96, 104, 112, 120]",0.0,4.0,13.0,"[21, 37, 65, 73, 97, 105, 113]",0.0,8.0,9.0,"[17, 33, 61, 69, 93, 101, 109]",4.0,23.0,23.0,25.0,71.0,0.0,6.0,9.0,15.0,
,,,,,0.5,129.0,0.0,0.0,58.0,,,,,,,,,,,,,"['A#', 'Bb']",0.0,0.0,0.0,0.0,0.0,A3,8.0,8.0,0.0,0.0,0.0,,,,,,,,,,,,,,,,,,2.0,15.0,"[23, 39, 67, 75, 99, 107, 115]",0.0,4.0,41.0,"[45, 49, 77, 81, 85]",4.0,8.0,16.0,"[60, 68, 100, 108, 116]",3.0,,,,,,,,,
,,,,,4.0,160.0,160.0,0.0,0.0,,,,,,,,,,,,,"['B', 'Cb']",180.0,109.0,0.0,0.0,0.0,B1,107.0,107.0,0.0,0.0,0.0,,,,,,,,,,,,,,,,,,2.0,42.0,"[46, 50, 78, 82, 86]",0.0,4.0,14.0,"[66, 98, 106, 114]",0.0,8.0,10.0,"[62, 94, 102, 110]",2.0,,,,,,,,,
,,,,,2.0,13.0,11.0,2.0,0.0,,,,,,,,,,,,,"['B#', 'C']",0.0,0.0,0.0,0.0,0.0,B2,73.0,2.0,0.0,0.0,71.0,,,,,,,,,,,,,,,,,,,,,,4.0,44.0,"[48, 80, 84]",2.0,8.0,1.0,[25],0.0,,,,,,,,,
,,,,,1.5,13.0,2.0,11.0,0.0,,,,,,,,,,,,,"['C#', 'Db']",36.0,0.0,0.0,0.0,0.0,C#3,36.0,0.0,0.0,0.0,36.0,,,,,,,,,,,,,,,,,,,,,,,,,,8.0,34.0,[70],0.0,,,,,,,,,
,,,,,,,,,,,,,,,,,,,,,,['D'],0.0,0.0,0.0,0.0,0.0,E2,56.0,6.0,13.0,0.0,37.0,,,,,,,,,,,,,,,,,,,,,,,,,,8.0,48.0,[84],0.0,,,,,,,,,
,,,,,,,,,,,,,,,,,,,,,,"['D#', 'Eb']",0.0,0.0,0.0,0.0,0.0,E3,6.0,6.0,0.0,0.0,0.0,,,,,,,,,,,,,,,,,,,,,,,,,,,,,,,,,,,,,,
,,,,,,,,,,,,,,,,,,,,,,"['E', 'Fb']",62.0,12.0,13.0,0.0,0.0,G#2,33.0,0.0,0.0,0.0,33.0,,,,,,,,,,,,,,,,,,,,,,,,,,,,,,,,,,,,,,
,,,,,,,,,,,,,,,,,,,,,,"['E#', 'F']",0.0,0.0,0.0,0.0,0.0,,,,,,,,,,,,,,,,,,,,,,,,,,,,,,,,,,,,,,,,,,,,
,,,,,,,,,,,,,,,,,,,,,,"['F#', 'Gb']",0.0,0.0,0.0,0.0,0.0,,,,,,,,,,,,,,,,,,,,,,,,,,,,,,,,,,,,,,,,,,,,
,,,,,,,,,,,,,,,,,,,,,,['G'],0.0,0.0,0.0,0.0,0.0,,,,,,,,,,,,,,,,,,,,,,,,,,,,,,,,,,,,,,,,,,,,
,,,,,,,,,,,,,,,,,,,,,,"['G#', 'Ab']",33.0,0.0,0.0,0.0,0.0,,,,,,,,,,,,,,,,,,,,,,,,,,,,,,,,,,,,,,,,,,,,
,Bass,1.0,373.0,5.0,3.0,58.0,58.0,0.0,0.0,5.0,2.4772117962466487,61.93029490616622,3.4852546916890086,15.549597855227885,,4 sharps,304.0,69.0,0.0,8.0,3.0,['A'],62.0,39.0,0.0,0.0,0.0,A2,54.0,31.0,0.0,0.0,23.0,12.0,242.0,47.0,59.0,24.0,7.303763440860215,22.0,,4/4,233.0,2.0,231.0,0.0,0.0,Play,231.0,,2.0,12.0,"[20, 36, 64, 72, 96, 104, 112, 120]",0.0,4.0,13.0,"[21, 37, 65, 73, 97, 105, 113]",0.0,8.0,9.0,"[17, 33, 61, 69, 93, 101, 109]",4.0,23.0,23.0,25.0,71.0,0.0,6.0,9.0,15.0,
,,,,,0.5,129.0,0.0,0.0,58.0,,,,,,,,,,,,,"['A#', 'Bb']",0.0,0.0,0.0,0.0,0.0,A3,8.0,8.0,0.0,0.0,0.0,,,,,,,,,,,,,,,,,,2.0,15.0,"[23, 39, 67, 75, 99, 107, 115]",0.0,4.0,41.0,"[45, 49, 77, 81, 85]",4.0,8.0,16.0,"[60, 68, 100, 108, 116]",3.0,,,,,,,,,
,,,,,4.0,160.0,160.0,0.0,0.0,,,,,,,,,,,,,"['B', 'Cb']",180.0,109.0,0.0,0.0,0.0,B1,107.0,107.0,0.0,0.0,0.0,,,,,,,,,,,,,,,,,,2.0,42.0,"[46, 50, 78, 82, 86]",0.0,4.0,14.0,"[66, 98, 106, 114]",0.0,8.0,10.0,"[62, 94, 102, 110]",2.0,,,,,,,,,
,,,,,2.0,13.0,11.0,2.0,0.0,,,,,,,,,,,,,"['B#', 'C']",0.0,0.0,0.0,0.0,0.0,B2,73.0,2.0,0.0,0.0,71.0,,,,,,,,,,,,,,,,,,,,,,4.0,44.0,"[48, 80, 84]",2.0,8.0,1.0,[25],0.0,,,,,,,,,
,,,,,1.5,13.0,2.0,11.0,0.0,,,,,,,,,,,,,"['C#', 'Db']",36.0,0.0,0.0,0.0,0.0,C#3,36.0,0.0,0.0,0.0,36.0,,,,,,,,,,,,,,,,,,,,,,,,,,8.0,34.0,[70],0.0,,,,,,,,,
,,,,,,,,,,,,,,,,,,,,,,['D'],0.0,0.0,0.0,0.0,0.0,E2,56.0,6.0,13.0,0.0,37.0,,,,,,,,,,,,,,,,,,,,,,,,,,8.0,48.0,[84],0.0,,,,,,,,,
,,,,,,,,,,,,,,,,,,,,,,"['D#', 'Eb']",0.0,0.0,0.0,0.0,0.0,E3,6.0,6.0,0.0,0.0,0.0,,,,,,,,,,,,,,,,,,,,,,,,,,,,,,,,,,,,,,
,,,,,,,,,,,,,,,,,,,,,,"['E', 'Fb']",62.0,12.0,13.0,0.0,0.0,G#2,33.0,0.0,0.0,0.0,33.0,,,,,,,,,,,,,,,,,,,,,,,,,,,,,,,,,,,,,,
,,,,,,,,,,,,,,,,,,,,,,"['E#', 'F']",0.0,0.0,0.0,0.0,0.0,,,,,,,,,,,,,,,,,,,,,,,,,,,,,,,,,,,,,,,,,,,,
,,,,,,,,,,,,,,,,,,,,,,"['F#', 'Gb']",0.0,0.0,0.0,0.0,0.0,,,,,,,,,,,,,,,,,,,,,,,,,,,,,,,,,,,,,,,,,,,,
,,,,,,,,,,,,,,,,,,,,,,['G'],0.0,0.0,0.0,0.0,0.0,,,,,,,,,,,,,,,,,,,,,,,,,,,,,,,,,,,,,,,,,,,,
,,,,,,,,,,,,,,,,,,,,,,"['G#', 'Ab']",33.0,0.0,0.0,0.0,0.0,,,,,,,,,,,,,,,,,,,,,,,,,,,,,,,,,,,,,,,,,,,,
,Bass,1.0,373.0,5.0,3.0,58.0,58.0,0.0,0.0,5.0,2.4772117962466487,61.93029490616622,3.4852546916890086,15.549597855227885,,4 sharps,304.0,69.0,0.0,8.0,3.0,['A'],62.0,39.0,0.0,0.0,0.0,A2,54.0,31.0,0.0,0.0,23.0,12.0,242.0,47.0,59.0,24.0,7.303763440860215,22.0,,4/4,233.0,2.0,231.0,0.0,0.0,Play,231.0,,2.0,12.0,"[20, 36, 64, 72, 96, 104, 112, 120]",0.0,4.0,13.0,"[21, 37, 65, 73, 97, 105, 113]",0.0,8.0,9.0,"[17, 33, 61, 69, 93, 101, 109]",4.0,23.0,23.0,25.0,71.0,0.0,6.0,9.0,15.0,
,,,,,0.5,129.0,0.0,0.0,58.0,,,,,,,,,,,,,"['A#', 'Bb']",0.0,0.0,0.0,0.0,0.0,A3,8.0,8.0,0.0,0.0,0.0,,,,,,,,,,,,,,,,,,2.0,15.0,"[23, 39, 67, 75, 99, 107, 115]",0.0,4.0,41.0,"[45, 49, 77, 81, 85]",4.0,8.0,16.0,"[60, 68, 100, 108, 116]",3.0,,,,,,,,,
,,,,,4.0,160.0,160.0,0.0,0.0,,,,,,,,,,,,,"['B', 'Cb']",180.0,109.0,0.0,0.0,0.0,B1,107.0,107.0,0.0,0.0,0.0,,,,,,,,,,,,,,,,,,2.0,42.0,"[46, 50, 78, 82, 86]",0.0,4.0,14.0,"[66, 98, 106, 114]",0.0,8.0,10.0,"[62, 94, 102, 110]",2.0,,,,,,,,,
,,,,,2.0,13.0,11.0,2.0,0.0,,,,,,,,,,,,,"['B#', 'C']",0.0,0.0,0.0,0.0,0.0,B2,73.0,2.0,0.0,0.0,71.0,,,,,,,,,,,,,,,,,,,,,,4.0,44.0,"[48, 80, 84]",2.0,8.0,1.0,[25],0.0,,,,,,,,,
,,,,,1.5,13.0,2.0,11.0,0.0,,,,,,,,,,,,,"['C#', 'Db']",36.0,0.0,0.0,0.0,0.0,C#3,36.0,0.0,0.0,0.0,36.0,,,,,,,,,,,,,,,,,,,,,,,,,,8.0,34.0,[70],0.0,,,,,,,,,
,,,,,,,,,,,,,,,,,,,,,,['D'],0.0,0.0,0.0,0.0,0.0,E2,56.0,6.0,13.0,0.0,37.0,,,,,,,,,,,,,,,,,,,,,,,,,,8.0,48.0,[84],0.0,,,,,,,,,
,,,,,,,,,,,,,,,,,,,,,,"['D#', 'Eb']",0.0,0.0,0.0,0.0,0.0,E3,6.0,6.0,0.0,0.0,0.0,,,,,,,,,,,,,,,,,,,,,,,,,,,,,,,,,,,,,,
,,,,,,,,,,,,,,,,,,,,,,"['E', 'Fb']",62.0,12.0,13.0,0.0,0.0,G#2,33.0,0.0,0.0,0.0,33.0,,,,,,,,,,,,,,,,,,,,,,,,,,,,,,,,,,,,,,
,,,,,,,,,,,,,,,,,,,,,,"['E#', 'F']",0.0,0.0,0.0,0.0,0.0,,,,,,,,,,,,,,,,,,,,,,,,,,,,,,,,,,,,,,,,,,,,
,,,,,,,,,,,,,,,,,,,,,,"['F#', 'Gb']",0.0,0.0,0.0,0.0,0.0,,,,,,,,,,,,,,,,,,,,,,,,,,,,,,,,,,,,,,,,,,,,
,,,,,,,,,,,,,,,,,,,,,,['G'],0.0,0.0,0.0,0.0,0.0,,,,,,,,,,,,,,,,,,,,,,,,,,,,,,,,,,,,,,,,,,,,
,,,,,,,,,,,,,,,,,,,,,,"['G#', 'Ab']",33.0,0.0,0.0,0.0,0.0,,,,,,,,,,,,,,,,,,,,,,,,,,,,,,,,,,,,,,,,,,,,
SO69,Bass,1.0,157.0,6.0,4.0,72.0,72.0,0.0,0.0,6.0,2.7356687898089174,70.70063694267515,5.095541401273887,18.471337579617835,,2 sharps,137.0,20.0,0.0,16.0,3.0,['A'],51.0,26.0,0.0,2.0,0.0,A2,45.0,2.0,0.0,0.0,0.0,30.0,123.0,22.0,5.0,0.0,3.393333333333333,12.0,,4/4,126.0,18.625,107.375,14.0,11.0,Rest,11.0,,2.0,21.0,"[33, 37, 43, 55, 71, 79, 85, 101]",0.0,4.0,30.0,"[52, 68, 98, 118]",0.0,8.0,20.0,"[42, 84]",0.0,28.0,17.0,7.0,52.0,0.0,0.0,0.0,0.0,
,,,,,3.0,27.0,27.0,0.0,0.0,,,,,,,,,,,,,"['A#', 'Bb']",2.0,2.0,0.0,0.0,0.0,A3,6.0,24.0,0.0,1.0,20.0,,,,,,,,,,,,,,,Play,3.75,,2.0,32.0,"[54, 70, 100, 120]",0.0,4.0,37.0,"[55, 71, 79, 101]",0.0,8.0,24.0,[46],0.0,,,,,,,,,
,,,,,0.5,18.0,4.0,1.0,5.0,,,,,,,,,,,,,"['B', 'Cb']",12.0,9.0,1.0,2.0,0.0,A#2,2.0,2.0,0.0,1.0,3.0,,,,,,,,,,,,,,,Rest,0.125,,2.0,25.0,"[47, 89, 105]",0.0,4.0,31.0,"[53, 69, 99]",0.0,8.0,34.0,[76],0.0,,,,,,,,,
,,,,,1.5,3.0,3.0,0.0,0.0,,,,,,,,,,,,,"['B#', 'C']",5.0,2.0,0.0,1.0,0.0,B2,12.0,9.0,1.0,2.0,0.0,,,,,,,,,,,,,,,Play,13.25,,2.0,34.0,"[76, 94, 114]",0.0,4.0,54.0,"[70, 100]",0.0,,,,,,,,,,,,,
,,,,,2.0,10.0,4.0,5.0,0.0,,,,,,,,,,,,,"['C#', 'Db']",4.0,1.0,0.0,2.0,0.0,C3,3.0,1.0,0.0,2.0,1.0,,,,,,,,,,,,,,,Rest,0.875,,2.0,22.0,"[44, 86]",0.0,,,,,,,,,,,,,,,,,
,,,,,1.0,27.0,1.0,2.0,24.0,,,,,,,,,,,,,['D'],44.0,26.0,0.0,0.0,0.0,C4,2.0,2.0,0.0,1.0,0.0,,,,,,,,,,,,,,,Play,21.125,,2.0,26.0,"[48, 90]",0.0,,,,,,,,,,,,,,,,,
,,,,,,,,,,,,,,,,,,,,,,"['D#', 'Eb']",1.0,0.0,0.0,1.0,0.0,C#3,4.0,0.0,0.0,0.0,2.0,,,,,,,,,,,,,,,Rest,0.875,,,,,,,,,,,,,,,,,,,,,,
,,,,,,,,,,,,,,,,,,,,,,"['E', 'Fb']",6.0,0.0,0.0,5.0,0.0,D3,44.0,0.0,0.0,1.0,0.0,,,,,,,,,,,,,,,Play,15.875,,,,,,,,,,,,,,,,,,,,,,
,,,,,,,,,,,,,,,,,,,,,,"['E#', 'F']",3.0,3.0,0.0,0.0,0.0,D#3,1.0,26.0,0.0,0.0,18.0,,,,,,,,,,,,,,,Rest,0.125,,,,,,,,,,,,,,,,,,,,,,
,,,,,,,,,,,,,,,,,,,,,,"['F#', 'Gb']",13.0,0.0,3.0,10.0,0.0,E2,1.0,0.0,0.0,0.0,1.0,,,,,,,,,,,,,,,Play,25.125,,,,,,,,,,,,,,,,,,,,,,
,,,,,,,,,,,,,,,,,,,,,,['G'],16.0,3.0,6.0,4.0,0.0,E3,5.0,0.0,0.0,5.0,0.0,,,,,,,,,,,,,,,Rest,0.875,,,,,,,,,,,,,,,,,,,,,,
,,,,,,,,,,,,,,,,,,,,,,"['G#', 'Ab']",0.0,0.0,0.0,0.0,0.0,F2,2.0,0.0,3.0,10.0,0.0,,,,,,,,,,,,,,,Play,28.125,,,,,,,,,,,,,,,,,,,,,,
,,,,,,,,,,,,,,,,,,,,,,,,,,,,F3,1.0,2.0,0.0,0.0,0.0,,,,,,,,,,,,,,,Rest,3.375,,,,,,,,,,,,,,,,,,,,,,
,,,,,,,,,,,,,,,,,,,,,,,,,,,,F#2,13.0,1.0,0.0,0.0,0.0,,,,,,,,,,,,,,,Play,0.125,,,,,,,,,,,,,,,,,,,,,,
,,,,,,,,,,,,,,,,,,,,,,,,,,,,G2,10.0,3.0,3.0,4.0,0.0,,,,,,,,,,,,,,,,,,,,,,,,,,,,,,,,,,,,,,
,,,,,,,,,,,,,,,,,,,,,,,,,,,,G3,6.0,0.0,3.0,0.0,3.0,,,,,,,,,,,,,,,,,,,,,,,,,,,,,,,,,,,,,,
,Bass,2.0,188.0,6.0,4.0,50.0,50.0,0.0,0.0,6.0,2.2845744680851063,59.04255319148936,22.872340425531913,12.76595744680851,,2 sharps,161.0,27.0,0.0,17.0,3.0,['A'],60.0,16.0,27.0,4.0,0.0,A2,51.0,2.0,3.0,0.0,0.0,35.0,152.0,20.0,9.0,0.0,3.0994475138121547,12.0,,4/4,126.0,18.625,107.375,14.0,11.0,Rest,11.0,,2.0,33.0,"[37, 55, 71, 79]",0.0,4.0,30.0,"[52, 68]",0.0,8.0,20.0,"[42, 84]",0.0,12.0,6.0,7.0,25.0,0.0,0.0,0.0,0.0,
,,,,,3.0,12.0,12.0,0.0,0.0,,,,,,,,,,,,,"['A#', 'Bb']",6.0,2.0,4.0,0.0,0.0,A3,9.0,0.0,1.0,0.0,0.0,,,,,,,,,,,,,,,Play,3.75,,2.0,32.0,"[54, 70, 78]",0.0,4.0,54.0,"[70, 78]",0.0,8.0,23.0,[45],0.0,,,,,,,,,
,,,,,0.5,16.0,4.0,1.0,4.0,,,,,,,,,,,,,"['B', 'Cb']",12.0,9.0,1.0,2.0,0.0,A#2,5.0,13.0,27.0,4.0,7.0,,,,,,,,,,,,,,,Rest,0.125,,2.0,98.0,"[102, 118]",0.0,,,,,8.0,37.0,[79],0.0,,,,,,,,,
,,,,,1.5,3.0,3.0,0.0,0.0,,,,,,,,,,,,,"['B#', 'C']",5.0,2.0,0.0,1.0,0.0,A#3,1.0,3.0,0.0,0.0,6.0,,,,,,,,,,,,,,,Play,13.25,,,,,,,,,,,,,,,,,,,,,,
,,,,,2.0,74.0,41.0,30.0,0.0,,,,,,,,,,,,,"['C#', 'Db']",7.0,0.0,4.0,2.0,0.0,B2,12.0,9.0,1.0,2.0,0.0,,,,,,,,,,,,,,,Rest,0.875,,,,,,,,,,,,,,,,,,,,,,
,,,,,1.0,33.0,1.0,12.0,20.0,,,,,,,,,,,,,['D'],58.0,19.0,21.0,7.0,0.0,C3,3.0,0.0,4.0,2.0,1.0,,,,,,,,,,,,,,,Play,21.125,,,,,,,,,,,,,,,,,,,,,,
,,,,,,,,,,,,,,,,,,,,,,"['D#', 'Eb']",1.0,0.0,0.0,1.0,0.0,C4,2.0,2.0,0.0,1.0,0.0,,,,,,,,,,,,,,,Rest,0.875,,,,,,,,,,,,,,,,,,,,,,
,,,,,,,,,,,,,,,,,,,,,,"['E', 'Fb']",7.0,0.0,4.0,2.0,0.0,C#3,7.0,0.0,0.0,0.0,2.0,,,,,,,,,,,,,,,Play,15.875,,,,,,,,,,,,,,,,,,,,,,
,,,,,,,,,,,,,,,,,,,,,,"['E#', 'F']",3.0,2.0,1.0,0.0,0.0,D3,58.0,0.0,0.0,1.0,0.0,,,,,,,,,,,,,,,Rest,0.125,,,,,,,,,,,,,,,,,,,,,,
,,,,,,,,,,,,,,,,,,,,,,"['F#', 'Gb']",13.0,0.0,3.0,10.0,0.0,D#3,1.0,19.0,21.0,7.0,11.0,,,,,,,,,,,,,,,Play,25.125,,,,,,,,,,,,,,,,,,,,,,
,,,,,,,,,,,,,,,,,,,,,,['G'],16.0,0.0,9.0,4.0,0.0,E2,2.0,0.0,1.0,0.0,1.0,,,,,,,,,,,,,,,Rest,0.875,,,,,,,,,,,,,,,,,,,,,,
,,,,,,,,,,,,,,,,,,,,,,"['G#', 'Ab']",0.0,0.0,0.0,0.0,0.0,E3,5.0,0.0,3.0,2.0,0.0,,,,,,,,,,,,,,,Play,28.125,,,,,,,,,,,,,,,,,,,,,,
,,,,,,,,,,,,,,,,,,,,,,,,,,,,F2,2.0,0.0,3.0,10.0,0.0,,,,,,,,,,,,,,,Rest,3.375,,,,,,,,,,,,,,,,,,,,,,
,,,,,,,,,,,,,,,,,,,,,,,,,,,,F3,1.0,2.0,0.0,0.0,0.0,,,,,,,,,,,,,,,Play,0.125,,,,,,,,,,,,,,,,,,,,,,
,,,,,,,,,,,,,,,,,,,,,,,,,,,,F#2,13.0,0.0,1.0,0.0,0.0,,,,,,,,,,,,,,,,,,,,,,,,,,,,,,,,,,,,,,
,,,,,,,,,,,,,,,,,,,,,,,,,,,,G2,10.0,0.0,6.0,4.0,0.0,,,,,,,,,,,,,,,,,,,,,,,,,,,,,,,,,,,,,,
,,,,,,,,,,,,,,,,,,,,,,,,,,,,G3,6.0,0.0,3.0,0.0,3.0,,,,,,,,,,,,,,,,,,,,,,,,,,,,,,,,,,,,,,
Angels,Piano,1.0,72.0,1.0,4.0,72.0,72.0,0.0,0.0,1.0,4.0,100.0,0.0,0.0,,4 sharps,45.0,27.0,0.0,23.0,4.0,['A'],11.0,11.0,0.0,0.0,0.0,A3,4.0,4.0,0.0,0.0,0.0,23.0,52.0,10.0,2.0,7.0,6.169014084507044,24.0,,4/4,72.0,0.0,72.0,0.0,0.0,,,,2.0,1.0,"[2, 3, 7]",0.0,,,,,8.0,43.0,[61],0.0,14.0,0.0,2.0,16.0,0.0,0.0,0.0,0.0,
,,,,,,,,,,,,,,,,,,,,,,"['A#', 'Bb']",0.0,0.0,0.0,0.0,0.0,A4,2.0,2.0,0.0,0.0,0.0,,,,,,,,,,,,,,,,,,2.0,44.0,"[48, 62, 66]",0.0,,,,,,,,,,,,,,,,,
,,,,,,,,,,,,,,,,,,,,,,"['B', 'Cb']",13.0,13.0,0.0,0.0,0.0,A5,5.0,5.0,0.0,0.0,0.0,,,,,,,,,,,,,,,,,,2.0,35.0,"[47, 65]",0.0,,,,,,,,,,,,,,,,,
,,,,,,,,,,,,,,,,,,,,,,"['B#', 'C']",0.0,0.0,0.0,0.0,0.0,B3,2.0,2.0,0.0,0.0,0.0,,,,,,,,,,,,,,,,,,2.0,43.0,"[54, 61]",0.0,,,,,,,,,,,,,,,,,
,,,,,,,,,,,,,,,,,,,,,,"['C#', 'Db']",13.0,13.0,0.0,0.0,0.0,B4,8.0,8.0,0.0,0.0,0.0,,,,,,,,,,,,,,,,,,,,,,,,,,,,,,,,,,,,,,
,,,,,,,,,,,,,,,,,,,,,,['D'],3.0,3.0,0.0,0.0,0.0,B5,3.0,3.0,0.0,0.0,0.0,,,,,,,,,,,,,,,,,,,,,,,,,,,,,,,,,,,,,,
,,,,,,,,,,,,,,,,,,,,,,"['D#', 'Eb']",2.0,2.0,0.0,0.0,0.0,C#3,1.0,1.0,0.0,0.0,0.0,,,,,,,,,,,,,,,,,,,,,,,,,,,,,,,,,,,,,,
,,,,,,,,,,,,,,,,,,,,,,"['E', 'Fb']",18.0,18.0,0.0,0.0,0.0,C#4,3.0,3.0,0.0,0.0,0.0,,,,,,,,,,,,,,,,,,,,,,,,,,,,,,,,,,,,,,
,,,,,,,,,,,,,,,,,,,,,,"['E#', 'F']",0.0,0.0,0.0,0.0,0.0,C#5,5.0,5.0,0.0,0.0,0.0,,,,,,,,,,,,,,,,,,,,,,,,,,,,,,,,,,,,,,
,,,,,,,,,,,,,,,,,,,,,,"['F#', 'Gb']",5.0,5.0,0.0,0.0,0.0,C#6,4.0,4.0,0.0,0.0,0.0,,,,,,,,,,,,,,,,,,,,,,,,,,,,,,,,,,,,,,
,,,,,,,,,,,,,,,,,,,,,,['G'],0.0,0.0,0.0,0.0,0.0,D4,2.0,1.0,0.0,0.0,0.0,,,,,,,,,,,,,,,,,,,,,,,,,,,,,,,,,,,,,,
,,,,,,,,,,,,,,,,,,,,,,"['G#', 'Ab']",7.0,7.0,0.0,0.0,0.0,D5,1.0,1.0,0.0,0.0,0.0,,,,,,,,,,,,,,,,,,,,,,,,,,,,,,,,,,,,,,
,,,,,,,,,,,,,,,,,,,,,,,,,,,,D#3,1.0,2.0,0.0,0.0,0.0,,,,,,,,,,,,,,,,,,,,,,,,,,,,,,,,,,,,,,
,,,,,,,,,,,,,,,,,,,,,,,,,,,,D#4,1.0,1.0,0.0,0.0,0.0,,,,,,,,,,,,,,,,,,,,,,,,,,,,,,,,,,,,,,
,,,,,,,,,,,,,,,,,,,,,,,,,,,,E3,4.0,4.0,0.0,0.0,0.0,,,,,,,,,,,,,,,,,,,,,,,,,,,,,,,,,,,,,,
,,,,,,,,,,,,,,,,,,,,,,,,,,,,E4,11.0,11.0,0.0,0.0,0.0,,,,,,,,,,,,,,,,,,,,,,,,,,,,,,,,,,,,,,
,,,,,,,,,,,,,,,,,,,,,,,,,,,,E5,3.0,3.0,0.0,0.0,0.0,,,,,,,,,,,,,,,,,,,,,,,,,,,,,,,,,,,,,,
,,,,,,,,,,,,,,,,,,,,,,,,,,,,F#3,1.0,1.0,0.0,0.0,0.0,,,,,,,,,,,,,,,,,,,,,,,,,,,,,,,,,,,,,,
,,,,,,,,,,,,,,,,,,,,,,,,,,,,F#4,3.0,3.0,0.0,0.0,0.0,,,,,,,,,,,,,,,,,,,,,,,,,,,,,,,,,,,,,,
,,,,,,,,,,,,,,,,,,,,,,,,,,,,F#5,1.0,1.0,0.0,0.0,0.0,,,,,,,,,,,,,,,,,,,,,,,,,,,,,,,,,,,,,,
,,,,,,,,,,,,,,,,,,,,,,,,,,,,G#3,1.0,1.0,0.0,0.0,0.0,,,,,,,,,,,,,,,,,,,,,,,,,,,,,,,,,,,,,,
,,,,,,,,,,,,,,,,,,,,,,,,,,,,G#4,4.0,4.0,0.0,0.0,0.0,,,,,,,,,,,,,,,,,,,,,,,,,,,,,,,,,,,,,,
,,,,,,,,,,,,,,,,,,,,,,,,,,,,G#5,2.0,2.0,0.0,0.0,0.0,,,,,,,,,,,,,,,,,,,,,,,,,,,,,,,,,,,,,,
,string synth,1.0,70.0,1.0,4.0,70.0,70.0,0.0,0.0,1.0,4.0,100.0,0.0,0.0,,4 sharps,38.0,32.0,0.0,22.0,5.0,['A'],6.0,6.0,0.0,0.0,0.0,A3,4.0,4.0,0.0,0.0,0.0,22.0,41.0,16.0,3.0,2.0,6.080645161290323,22.0,,4/4,72.0,2.0,70.0,2.0,2.0,Rest,2.0,,2.0,12.0,"[21, 25, 45, 49]",0.0,4.0,20.0,"[24, 44, 48]",2.0,8.0,3.0,[31],0.0,16.0,4.0,4.0,24.0,0.0,2.0,0.0,2.0,
,,,,,,,,,,,,,,,,,,,,,,"['A#', 'Bb']",0.0,0.0,0.0,0.0,0.0,A4,1.0,1.0,0.0,0.0,0.0,,,,,,,,,,,,,,,,,,2.0,3.0,"[7, 31, 35]",0.0,,,,,8.0,15.0,[39],0.0,,,,,,,,,
,,,,,,,,,,,,,,,,,,,,,,"['B', 'Cb']",8.0,8.0,0.0,0.0,0.0,A5,1.0,1.0,0.0,0.0,0.0,,,,,,,,,,,,,,,,,,2.0,22.0,"[26, 46, 50]",0.0,,,,,,,,,,,,,,,,,
,,,,,,,,,,,,,,,,,,,,,,"['B#', 'C']",0.0,0.0,0.0,0.0,0.0,B3,6.0,6.0,0.0,0.0,0.0,,,,,,,,,,,,,,,,,,2.0,18.0,"[42, 53]",0.0,,,,,,,,,,,,,,,,,
,,,,,,,,,,,,,,,,,,,,,,"['C#', 'Db']",7.0,7.0,0.0,0.0,0.0,B4,2.0,2.0,0.0,0.0,0.0,,,,,,,,,,,,,,,,,,,,,,,,,,,,,,,,,,,,,,
,,,,,,,,,,,,,,,,,,,,,,['D'],4.0,4.0,0.0,0.0,0.0,C#3,2.0,2.0,0.0,0.0,0.0,,,,,,,,,,,,,,,,,,,,,,,,,,,,,,,,,,,,,,
,,,,,,,,,,,,,,,,,,,,,,"['D#', 'Eb']",6.0,6.0,0.0,0.0,0.0,C#4,4.0,4.0,0.0,0.0,0.0,,,,,,,,,,,,,,,,,,,,,,,,,,,,,,,,,,,,,,
,,,,,,,,,,,,,,,,,,,,,,"['E', 'Fb']",20.0,20.0,0.0,0.0,0.0,C#5,1.0,1.0,0.0,0.0,0.0,,,,,,,,,,,,,,,,,,,,,,,,,,,,,,,,,,,,,,
,,,,,,,,,,,,,,,,,,,,,,"['E#', 'F']",0.0,0.0,0.0,0.0,0.0,D4,2.0,4.0,0.0,0.0,0.0,,,,,,,,,,,,,,,,,,,,,,,,,,,,,,,,,,,,,,
,,,,,,,,,,,,,,,,,,,,,,"['F#', 'Gb']",6.0,6.0,0.0,0.0,0.0,D5,1.0,2.0,0.0,0.0,0.0,,,,,,,,,,,,,,,,,,,,,,,,,,,,,,,,,,,,,,
,,,,,,,,,,,,,,,,,,,,,,['G'],0.0,0.0,0.0,0.0,0.0,D6,1.0,2.0,0.0,0.0,0.0,,,,,,,,,,,,,,,,,,,,,,,,,,,,,,,,,,,,,,
,,,,,,,,,,,,,,,,,,,,,,"['G#', 'Ab']",13.0,13.0,0.0,0.0,0.0,D#4,4.0,1.0,0.0,0.0,0.0,,,,,,,,,,,,,,,,,,,,,,,,,,,,,,,,,,,,,,
,,,,,,,,,,,,,,,,,,,,,,,,,,,,D#5,2.0,1.0,0.0,0.0,0.0,,,,,,,,,,,,,,,,,,,,,,,,,,,,,,,,,,,,,,
,,,,,,,,,,,,,,,,,,,,,,,,,,,,E2,4.0,4.0,0.0,0.0,0.0,,,,,,,,,,,,,,,,,,,,,,,,,,,,,,,,,,,,,,
,,,,,,,,,,,,,,,,,,,,,,,,,,,,E3,5.0,5.0,0.0,0.0,0.0,,,,,,,,,,,,,,,,,,,,,,,,,,,,,,,,,,,,,,
,,,,,,,,,,,,,,,,,,,,,,,,,,,,E4,9.0,9.0,0.0,0.0,0.0,,,,,,,,,,,,,,,,,,,,,,,,,,,,,,,,,,,,,,
,,,,,,,,,,,,,,,,,,,,,,,,,,,,E5,2.0,2.0,0.0,0.0,0.0,,,,,,,,,,,,,,,,,,,,,,,,,,,,,,,,,,,,,,
,,,,,,,,,,,,,,,,,,,,,,,,,,,,F#3,1.0,1.0,0.0,0.0,0.0,,,,,,,,,,,,,,,,,,,,,,,,,,,,,,,,,,,,,,
,,,,,,,,,,,,,,,,,,,,,,,,,,,,F#4,4.0,4.0,0.0,0.0,0.0,,,,,,,,,,,,,,,,,,,,,,,,,,,,,,,,,,,,,,
,,,,,,,,,,,,,,,,,,,,,,,,,,,,F#5,1.0,1.0,0.0,0.0,0.0,,,,,,,,,,,,,,,,,,,,,,,,,,,,,,,,,,,,,,
,,,,,,,,,,,,,,,,,,,,,,,,,,,,G#3,11.0,11.0,0.0,0.0,0.0,,,,,,,,,,,,,,,,,,,,,,,,,,,,,,,,,,,,,,
,,,,,,,,,,,,,,,,,,,,,,,,,,,,G#4,2.0,2.0,0.0,0.0,0.0,,,,,,,,,,,,,,,,,,,,,,,,,,,,,,,,,,,,,,
Brown Eyed Girl,guitar,1.0,134.0,6.0,4.0,70.0,70.0,0.0,0.0,6.0,3.07089552238806,56.71641791044776,8.208955223880597,20.8955223880597,,1 sharp,122.0,12.0,0.0,13.0,3.0,['A'],17.0,12.0,2.0,0.0,0.0,A2,7.0,6.0,0.0,0.0,1.0,30.0,65.0,8.0,13.0,0.0,4.918604651162791,10.0,,4/4,126.0,23.125,102.875,18.0,6.0,Rest,1.0,,2.0,4.0,"[8, 12, 36, 84]",0.0,4.0,60.0,"[64, 108, 112, 116, 120]",4.0,8.0,10.0,"[34, 82]",0.0,16.0,10.0,7.0,33.0,0.0,6.0,0.0,6.0,
,,,,,1.5,11.0,0.0,0.0,0.0,,,,,,,,,,,,,"['A#', 'Bb']",0.0,0.0,0.0,0.0,0.0,A3,10.0,6.0,2.0,0.0,2.0,,,,,,,,,,,,,,,Play,9.0,,2.0,9.0,"[13, 37, 85]",0.0,4.0,61.0,"[109, 113, 117]",2.0,8.0,48.0,[96],0.0,,,,,,,,,
,,,,,2.0,8.0,0.0,8.0,0.0,,,,,,,,,,,,,"['B', 'Cb']",18.0,12.0,0.0,2.0,0.0,B2,6.0,1.0,0.0,2.0,3.0,,,,,,,,,,,,,,,Rest,0.125,,2.0,63.0,"[111, 115, 119]",0.0,,,,,8.0,109.0,[113],0.0,,,,,,,,,
,,,,,0.5,8.0,0.0,0.0,0.0,,,,,,,,,,,,,"['B#', 'C']",23.0,11.0,3.0,0.0,0.0,B3,12.0,11.0,0.0,0.0,1.0,,,,,,,,,,,,,,,Play,3.875,,2.0,14.0,"[38, 86]",0.0,,,,,,,,,,,,,,,,,
,,,,,1.0,8.0,2.0,3.0,3.0,,,,,,,,,,,,,"['C#', 'Db']",0.0,0.0,0.0,0.0,0.0,C3,6.0,6.0,0.0,0.0,0.0,,,,,,,,,,,,,,,Rest,0.125,,,,,,,,,,,,,,,,,,,,,,
,,,,,3.0,29.0,4.0,0.0,25.0,,,,,,,,,,,,,['D'],12.0,6.0,3.0,0.0,0.0,C4,17.0,5.0,3.0,0.0,9.0,,,,,,,,,,,,,,,Play,6.875,,,,,,,,,,,,,,,,,,,,,,
,,,,,,,,,,,,,,,,,,,,,,"['D#', 'Eb']",0.0,0.0,0.0,0.0,0.0,D3,12.0,6.0,3.0,0.0,3.0,,,,,,,,,,,,,,,Rest,0.625,,,,,,,,,,,,,,,,,,,,,,
,,,,,,,,,,,,,,,,,,,,,,"['E', 'Fb']",17.0,6.0,0.0,3.0,0.0,E2,6.0,3.0,0.0,0.0,3.0,,,,,,,,,,,,,,,Play,0.375,,,,,,,,,,,,,,,,,,,,,,
,,,,,,,,,,,,,,,,,,,,,,"['E#', 'F']",0.0,0.0,0.0,0.0,0.0,E3,11.0,3.0,0.0,3.0,5.0,,,,,,,,,,,,,,,Rest,0.375,,,,,,,,,,,,,,,,,,,,,,
,,,,,,,,,,,,,,,,,,,,,,"['F#', 'Gb']",12.0,6.0,0.0,0.0,0.0,F#2,3.0,3.0,0.0,0.0,0.0,,,,,,,,,,,,,,,Play,5.375,,,,,,,,,,,,,,,,,,,,,,
,,,,,,,,,,,,,,,,,,,,,,['G'],35.0,17.0,0.0,3.0,0.0,F#3,9.0,3.0,0.0,0.0,6.0,,,,,,,,,,,,,,,Rest,0.125,,,,,,,,,,,,,,,,,,,,,,
,,,,,,,,,,,,,,,,,,,,,,"['G#', 'Ab']",0.0,0.0,0.0,0.0,0.0,G2,4.0,1.0,0.0,0.0,3.0,,,,,,,,,,,,,,,Play,3.125,,,,,,,,,,,,,,,,,,,,,,
,,,,,,,,,,,,,,,,,,,,,,,,,,,,G3,31.0,16.0,0.0,3.0,12.0,,,,,,,,,,,,,,,Rest,1.0,,,,,,,,,,,,,,,,,,,,,,
,,,,,,,,,,,,,,,,,,,,,,,,,,,,,,,,,,,,,,,,,,,,,,,,Play,2.0,,,,,,,,,,,,,,,,,,,,,,
,,,,,,,,,,,,,,,,,,,,,,,,,,,,,,,,,,,,,,,,,,,,,,,,Rest,0.125,,,,,,,,,,,,,,,,,,,,,,
,,,,,,,,,,,,,,,,,,,,,,,,,,,,,,,,,,,,,,,,,,,,,,,,Play,3.875,,,,,,,,,,,,,,,,,,,,,,
,,,,,,,,,,,,,,,,,,,,,,,,,,,,,,,,,,,,,,,,,,,,,,,,Rest,0.125,,,,,,,,,,,,,,,,,,,,,,
,,,,,,,,,,,,,,,,,,,,,,,,,,,,,,,,,,,,,,,,,,,,,,,,Play,6.875,,,,,,,,,,,,,,,,,,,,,,
,,,,,,,,,,,,,,,,,,,,,,,,,,,,,,,,,,,,,,,,,,,,,,,,Rest,0.625,,,,,,,,,,,,,,,,,,,,,,
,,,,,,,,,,,,,,,,,,,,,,,,,,,,,,,,,,,,,,,,,,,,,,,,Play,0.375,,,,,,,,,,,,,,,,,,,,,,
,,,,,,,,,,,,,,,,,,,,,,,,,,,,,,,,,,,,,,,,,,,,,,,,Rest,0.375,,,,,,,,,,,,,,,,,,,,,,
,,,,,,,,,,,,,,,,,,,,,,,,,,,,,,,,,,,,,,,,,,,,,,,,Play,5.375,,,,,,,,,,,,,,,,,,,,,,
,,,,,,,,,,,,,,,,,,,,,,,,,,,,,,,,,,,,,,,,,,,,,,,,Rest,0.125,,,,,,,,,,,,,,,,,,,,,,
,,,,,,,,,,,,,,,,,,,,,,,,,,,,,,,,,,,,,,,,,,,,,,,,Play,3.375,,,,,,,,,,,,,,,,,,,,,,
,,,,,,,,,,,,,,,,,,,,,,,,,,,,,,,,,,,,,,,,,,,,,,,,Rest,0.125,,,,,,,,,,,,,,,,,,,,,,
,,,,,,,,,,,,,,,,,,,,,,,,,,,,,,,,,,,,,,,,,,,,,,,,Play,1.625,,,,,,,,,,,,,,,,,,,,,,
,,,,,,,,,,,,,,,,,,,,,,,,,,,,,,,,,,,,,,,,,,,,,,,,Rest,0.625,,,,,,,,,,,,,,,,,,,,,,
,,,,,,,,,,,,,,,,,,,,,,,,,,,,,,,,,,,,,,,,,,,,,,,,Play,1.375,,,,,,,,,,,,,,,,,,,,,,
,,,,,,,,,,,,,,,,,,,,,,,,,,,,,,,,,,,,,,,,,,,,,,,,Rest,0.25,,,,,,,,,,,,,,,,,,,,,,
,,,,,,,,,,,,,,,,,,,,,,,,,,,,,,,,,,,,,,,,,,,,,,,,Play,0.75,,,,,,,,,,,,,,,,,,,,,,
,,,,,,,,,,,,,,,,,,,,,,,,,,,,,,,,,,,,,,,,,,,,,,,,Rest,0.25,,,,,,,,,,,,,,,,,,,,,,
,,,,,,,,,,,,,,,,,,,,,,,,,,,,,,,,,,,,,,,,,,,,,,,,Play,0.75,,,,,,,,,,,,,,,,,,,,,,
,,,,,,,,,,,,,,,,,,,,,,,,,,,,,,,,,,,,,,,,,,,,,,,,Rest,0.25,,,,,,,,,,,,,,,,,,,,,,
,,,,,,,,,,,,,,,,,,,,,,,,,,,,,,,,,,,,,,,,,,,,,,,,Play,0.75,,,,,,,,,,,,,,,,,,,,,,
,,,,,,,,,,,,,,,,,,,,,,,,,,,,,,,,,,,,,,,,,,,,,,,,Rest,0.25,,,,,,,,,,,,,,,,,,,,,,
,,,,,,,,,,,,,,,,,,,,,,,,,,,,,,,,,,,,,,,,,,,,,,,,Play,0.75,,,,,,,,,,,,,,,,,,,,,,
,,,,,,,,,,,,,,,,,,,,,,,,,,,,,,,,,,,,,,,,,,,,,,,,Rest,0.25,,,,,,,,,,,,,,,,,,,,,,
,,,,,,,,,,,,,,,,,,,,,,,,,,,,,,,,,,,,,,,,,,,,,,,,Play,0.75,,,,,,,,,,,,,,,,,,,,,,
,,,,,,,,,,,,,,,,,,,,,,,,,,,,,,,,,,,,,,,,,,,,,,,,Rest,0.25,,,,,,,,,,,,,,,,,,,,,,
,,,,,,,,,,,,,,,,,,,,,,,,,,,,,,,,,,,,,,,,,,,,,,,,Play,0.75,,,,,,,,,,,,,,,,,,,,,,
,,,,,,,,,,,,,,,,,,,,,,,,,,,,,,,,,,,,,,,,,,,,,,,,Rest,0.25,,,,,,,,,,,,,,,,,,,,,,
,,,,,,,,,,,,,,,,,,,,,,,,,,,,,,,,,,,,,,,,,,,,,,,,Play,0.75,,,,,,,,,,,,,,,,,,,,,,
,,,,,,,,,,,,,,,,,,,,,,,,,,,,,,,,,,,,,,,,,,,,,,,,Rest,0.25,,,,,,,,,,,,,,,,,,,,,,
,,,,,,,,,,,,,,,,,,,,,,,,,,,,,,,,,,,,,,,,,,,,,,,,Play,1.75,,,,,,,,,,,,,,,,,,,,,,
,,,,,,,,,,,,,,,,,,,,,,,,,,,,,,,,,,,,,,,,,,,,,,,,Rest,0.25,,,,,,,,,,,,,,,,,,,,,,
,,,,,,,,,,,,,,,,,,,,,,,,,,,,,,,,,,,,,,,,,,,,,,,,Play,0.75,,,,,,,,,,,,,,,,,,,,,,
,,,,,,,,,,,,,,,,,,,,,,,,,,,,,,,,,,,,,,,,,,,,,,,,Rest,2.0,,,,,,,,,,,,,,,,,,,,,,
,,,,,,,,,,,,,,,,,,,,,,,,,,,,,,,,,,,,,,,,,,,,,,,,Play,4.0,,,,,,,,,,,,,,,,,,,,,,
,,,,,,,,,,,,,,,,,,,,,,,,,,,,,,,,,,,,,,,,,,,,,,,,Rest,6.0,,,,,,,,,,,,,,,,,,,,,,
,,,,,,,,,,,,,,,,,,,,,,,,,,,,,,,,,,,,,,,,,,,,,,,,Play,1.0,,,,,,,,,,,,,,,,,,,,,,
,,,,,,,,,,,,,,,,,,,,,,,,,,,,,,,,,,,,,,,,,,,,,,,,Rest,0.125,,,,,,,,,,,,,,,,,,,,,,
,,,,,,,,,,,,,,,,,,,,,,,,,,,,,,,,,,,,,,,,,,,,,,,,Play,3.875,,,,,,,,,,,,,,,,,,,,,,
,,,,,,,,,,,,,,,,,,,,,,,,,,,,,,,,,,,,,,,,,,,,,,,,Rest,0.125,,,,,,,,,,,,,,,,,,,,,,
,,,,,,,,,,,,,,,,,,,,,,,,,,,,,,,,,,,,,,,,,,,,,,,,Play,6.875,,,,,,,,,,,,,,,,,,,,,,
,,,,,,,,,,,,,,,,,,,,,,,,,,,,,,,,,,,,,,,,,,,,,,,,Rest,0.625,,,,,,,,,,,,,,,,,,,,,,
,,,,,,,,,,,,,,,,,,,,,,,,,,,,,,,,,,,,,,,,,,,,,,,,Play,0.375,,,,,,,,,,,,,,,,,,,,,,
,,,,,,,,,,,,,,,,,,,,,,,,,,,,,,,,,,,,,,,,,,,,,,,,Rest,0.375,,,,,,,,,,,,,,,,,,,,,,
,,,,,,,,,,,,,,,,,,,,,,,,,,,,,,,,,,,,,,,,,,,,,,,,Play,5.375,,,,,,,,,,,,,,,,,,,,,,
,,,,,,,,,,,,,,,,,,,,,,,,,,,,,,,,,,,,,,,,,,,,,,,,Rest,0.125,,,,,,,,,,,,,,,,,,,,,,
,,,,,,,,,,,,,,,,,,,,,,,,,,,,,,,,,,,,,,,,,,,,,,,,Play,3.375,,,,,,,,,,,,,,,,,,,,,,
,,,,,,,,,,,,,,,,,,,,,,,,,,,,,,,,,,,,,,,,,,,,,,,,Rest,0.125,,,,,,,,,,,,,,,,,,,,,,
,,,,,,,,,,,,,,,,,,,,,,,,,,,,,,,,,,,,,,,,,,,,,,,,Play,1.625,,,,,,,,,,,,,,,,,,,,,,
,,,,,,,,,,,,,,,,,,,,,,,,,,,,,,,,,,,,,,,,,,,,,,,,Rest,0.625,,,,,,,,,,,,,,,,,,,,,,
,,,,,,,,,,,,,,,,,,,,,,,,,,,,,,,,,,,,,,,,,,,,,,,,Play,1.375,,,,,,,,,,,,,,,,,,,,,,
,,,,,,,,,,,,,,,,,,,,,,,,,,,,,,,,,,,,,,,,,,,,,,,,Rest,0.25,,,,,,,,,,,,,,,,,,,,,,
,,,,,,,,,,,,,,,,,,,,,,,,,,,,,,,,,,,,,,,,,,,,,,,,Play,0.75,,,,,,,,,,,,,,,,,,,,,,
,,,,,,,,,,,,,,,,,,,,,,,,,,,,,,,,,,,,,,,,,,,,,,,,Rest,0.25,,,,,,,,,,,,,,,,,,,,,,
,,,,,,,,,,,,,,,,,,,,,,,,,,,,,,,,,,,,,,,,,,,,,,,,Play,0.75,,,,,,,,,,,,,,,,,,,,,,
,,,,,,,,,,,,,,,,,,,,,,,,,,,,,,,,,,,,,,,,,,,,,,,,Rest,0.25,,,,,,,,,,,,,,,,,,,,,,
,,,,,,,,,,,,,,,,,,,,,,,,,,,,,,,,,,,,,,,,,,,,,,,,Play,0.75,,,,,,,,,,,,,,,,,,,,,,
,,,,,,,,,,,,,,,,,,,,,,,,,,,,,,,,,,,,,,,,,,,,,,,,Rest,0.25,,,,,,,,,,,,,,,,,,,,,,
,,,,,,,,,,,,,,,,,,,,,,,,,,,,,,,,,,,,,,,,,,,,,,,,Play,0.75,,,,,,,,,,,,,,,,,,,,,,
,,,,,,,,,,,,,,,,,,,,,,,,,,,,,,,,,,,,,,,,,,,,,,,,Rest,0.25,,,,,,,,,,,,,,,,,,,,,,
,,,,,,,,,,,,,,,,,,,,,,,,,,,,,,,,,,,,,,,,,,,,,,,,Play,0.75,,,,,,,,,,,,,,,,,,,,,,
,,,,,,,,,,,,,,,,,,,,,,,,,,,,,,,,,,,,,,,,,,,,,,,,Rest,0.25,,,,,,,,,,,,,,,,,,,,,,
,,,,,,,,,,,,,,,,,,,,,,,,,,,,,,,,,,,,,,,,,,,,,,,,Play,0.75,,,,,,,,,,,,,,,,,,,,,,
,,,,,,,,,,,,,,,,,,,,,,,,,,,,,,,,,,,,,,,,,,,,,,,,Rest,0.25,,,,,,,,,,,,,,,,,,,,,,
,,,,,,,,,,,,,,,,,,,,,,,,,,,,,,,,,,,,,,,,,,,,,,,,Play,0.75,,,,,,,,,,,,,,,,,,,,,,
,,,,,,,,,,,,,,,,,,,,,,,,,,,,,,,,,,,,,,,,,,,,,,,,Rest,0.25,,,,,,,,,,,,,,,,,,,,,,
,,,,,,,,,,,,,,,,,,,,,,,,,,,,,,,,,,,,,,,,,,,,,,,,Play,0.75,,,,,,,,,,,,,,,,,,,,,,
,,,,,,,,,,,,,,,,,,,,,,,,,,,,,,,,,,,,,,,,,,,,,,,,Rest,0.25,,,,,,,,,,,,,,,,,,,,,,
,,,,,,,,,,,,,,,,,,,,,,,,,,,,,,,,,,,,,,,,,,,,,,,,Play,0.75,,,,,,,,,,,,,,,,,,,,,,
,,,,,,,,,,,,,,,,,,,,,,,,,,,,,,,,,,,,,,,,,,,,,,,,Rest,0.25,,,,,,,,,,,,,,,,,,,,,,
,,,,,,,,,,,,,,,,,,,,,,,,,,,,,,,,,,,,,,,,,,,,,,,,Play,0.75,,,,,,,,,,,,,,,,,,,,,,
,,,,,,,,,,,,,,,,,,,,,,,,,,,,,,,,,,,,,,,,,,,,,,,,Rest,0.25,,,,,,,,,,,,,,,,,,,,,,
,,,,,,,,,,,,,,,,,,,,,,,,,,,,,,,,,,,,,,,,,,,,,,,,Play,0.75,,,,,,,,,,,,,,,,,,,,,,
,,,,,,,,,,,,,,,,,,,,,,,,,,,,,,,,,,,,,,,,,,,,,,,,Rest,0.25,,,,,,,,,,,,,,,,,,,,,,
,,,,,,,,,,,,,,,,,,,,,,,,,,,,,,,,,,,,,,,,,,,,,,,,Play,0.75,,,,,,,,,,,,,,,,,,,,,,
,,,,,,,,,,,,,,,,,,,,,,,,,,,,,,,,,,,,,,,,,,,,,,,,Rest,0.25,,,,,,,,,,,,,,,,,,,,,,
,,,,,,,,,,,,,,,,,,,,,,,,,,,,,,,,,,,,,,,,,,,,,,,,Play,0.75,,,,,,,,,,,,,,,,,,,,,,
,,,,,,,,,,,,,,,,,,,,,,,,,,,,,,,,,,,,,,,,,,,,,,,,Rest,0.25,,,,,,,,,,,,,,,,,,,,,,
,,,,,,,,,,,,,,,,,,,,,,,,,,,,,,,,,,,,,,,,,,,,,,,,Play,0.75,,,,,,,,,,,,,,,,,,,,,,
,,,,,,,,,,,,,,,,,,,,,,,,,,,,,,,,,,,,,,,,,,,,,,,,Rest,0.25,,,,,,,,,,,,,,,,,,,,,,
,,,,,,,,,,,,,,,,,,,,,,,,,,,,,,,,,,,,,,,,,,,,,,,,Play,0.75,,,,,,,,,,,,,,,,,,,,,,
,,,,,,,,,,,,,,,,,,,,,,,,,,,,,,,,,,,,,,,,,,,,,,,,Rest,0.25,,,,,,,,,,,,,,,,,,,,,,
,,,,,,,,,,,,,,,,,,,,,,,,,,,,,,,,,,,,,,,,,,,,,,,,Play,2.5,,,,,,,,,,,,,,,,,,,,,,
,Organ,1.0,128.0,5.0,4.0,103.0,103.0,0.0,0.0,5.0,3.5234375,81.25,9.375,0.0,,1 sharp,99.0,29.0,0.0,16.0,4.0,['A'],11.0,11.0,0.0,0.0,0.0,A3,1.0,1.0,0.0,0.0,0.0,25.0,88.0,11.0,6.0,3.0,3.8425925925925934,17.0,,4/4,126.0,13.25,112.75,10.0,8.0,Rest,1.0,,2.0,19.0,"[23, 43, 47, 91, 95]",0.0,,,,,8.0,10.0,"[34, 82]",0.0,44.0,0.0,5.0,49.0,0.0,0.0,0.0,0.0,
,,,,,1.5,12.0,0.0,0.0,0.0,,,,,,,,,,,,,"['A#', 'Bb']",0.0,0.0,0.0,0.0,0.0,A4,3.0,3.0,0.0,0.0,0.0,,,,,,,,,,,,,,,Play,11.0,,2.0,15.0,"[39, 61, 87, 117]",0.0,,,,,8.0,49.0,[97],0.0,,,,,,,,,
,,,,,1.0,6.0,0.0,6.0,0.0,,,,,,,,,,,,,"['B', 'Cb']",15.0,12.0,1.0,0.0,0.0,A5,7.0,7.0,0.0,0.0,0.0,,,,,,,,,,,,,,,Rest,0.125,,2.0,21.0,"[45, 59, 93, 107]",0.0,,,,,,,,,,,,,,,,,
,,,,,2.0,6.0,0.0,6.0,0.0,,,,,,,,,,,,,"['B#', 'C']",12.0,12.0,0.0,0.0,0.0,B4,9.0,7.0,1.0,0.0,1.0,,,,,,,,,,,,,,,Play,0.625,,2.0,9.0,"[27, 51, 99]",0.0,,,,,,,,,,,,,,,,,
,,,,,3.0,1.0,1.0,0.0,0.0,,,,,,,,,,,,,"['C#', 'Db']",0.0,0.0,0.0,0.0,0.0,B5,6.0,5.0,0.0,0.0,1.0,,,,,,,,,,,,,,,Rest,0.25,,2.0,11.0,"[35, 83]",0.0,,,,,,,,,,,,,,,,,
,,,,,,,,,,,,,,,,,,,,,,['D'],17.0,17.0,0.0,0.0,0.0,C4,1.0,1.0,0.0,0.0,0.0,,,,,,,,,,,,,,,Play,3.0,,2.0,16.0,"[40, 88]",0.0,,,,,,,,,,,,,,,,,
,,,,,,,,,,,,,,,,,,,,,,"['D#', 'Eb']",0.0,0.0,0.0,0.0,0.0,C5,9.0,9.0,0.0,0.0,0.0,,,,,,,,,,,,,,,Rest,0.125,,2.0,22.0,"[46, 94]",0.0,,,,,,,,,,,,,,,,,
,,,,,,,,,,,,,,,,,,,,,,"['E', 'Fb']",21.0,15.0,3.0,0.0,0.0,C6,2.0,2.0,0.0,0.0,0.0,,,,,,,,,,,,,,,Play,0.625,,2.0,25.0,"[49, 97]",0.0,,,,,,,,,,,,,,,,,
,,,,,,,,,,,,,,,,,,,,,,"['E#', 'F']",0.0,0.0,0.0,0.0,0.0,D4,1.0,1.0,0.0,0.0,0.0,,,,,,,,,,,,,,,Rest,0.25,,2.0,29.0,"[53, 101]",0.0,,,,,,,,,,,,,,,,,
,,,,,,,,,,,,,,,,,,,,,,"['F#', 'Gb']",29.0,17.0,0.0,6.0,0.0,D5,16.0,16.0,0.0,0.0,0.0,,,,,,,,,,,,,,,Play,19.0,,2.0,60.0,"[64, 116]",0.0,,,,,,,,,,,,,,,,,
,,,,,,,,,,,,,,,,,,,,,,['G'],23.0,19.0,2.0,0.0,0.0,E4,3.0,3.0,0.0,0.0,0.0,,,,,,,,,,,,,,,Rest,0.125,,2.0,63.0,"[111, 119]",0.0,,,,,,,,,,,,,,,,,
,,,,,,,,,,,,,,,,,,,,,,"['G#', 'Ab']",0.0,0.0,0.0,0.0,0.0,E5,18.0,12.0,3.0,0.0,3.0,,,,,,,,,,,,,,,Play,0.625,,2.0,108.0,"[112, 120]",0.0,,,,,,,,,,,,,,,,,
,,,,,,,,,,,,,,,,,,,,,,,,,,,,F#4,6.0,6.0,0.0,0.0,0.0,,,,,,,,,,,,,,,Rest,0.25,,,,,,,,,,,,,,,,,,,,,,
,,,,,,,,,,,,,,,,,,,,,,,,,,,,F#5,23.0,11.0,0.0,6.0,6.0,,,,,,,,,,,,,,,Play,3.0,,,,,,,,,,,,,,,,,,,,,,
,,,,,,,,,,,,,,,,,,,,,,,,,,,,G4,9.0,5.0,2.0,0.0,2.0,,,,,,,,,,,,,,,Rest,0.125,,,,,,,,,,,,,,,,,,,,,,
,,,,,,,,,,,,,,,,,,,,,,,,,,,,G5,14.0,14.0,0.0,0.0,0.0,,,,,,,,,,,,,,,Play,0.625,,,,,,,,,,,,,,,,,,,,,,
,,,,,,,,,,,,,,,,,,,,,,,,,,,,,,,,,,,,,,,,,,,,,,,,Rest,0.25,,,,,,,,,,,,,,,,,,,,,,
,,,,,,,,,,,,,,,,,,,,,,,,,,,,,,,,,,,,,,,,,,,,,,,,Play,28.0,,,,,,,,,,,,,,,,,,,,,,
,,,,,,,,,,,,,,,,,,,,,,,,,,,,,,,,,,,,,,,,,,,,,,,,Rest,8.0,,,,,,,,,,,,,,,,,,,,,,
,,,,,,,,,,,,,,,,,,,,,,,,,,,,,,,,,,,,,,,,,,,,,,,,Play,7.0,,,,,,,,,,,,,,,,,,,,,,
,,,,,,,,,,,,,,,,,,,,,,,,,,,,,,,,,,,,,,,,,,,,,,,,Rest,0.125,,,,,,,,,,,,,,,,,,,,,,
,,,,,,,,,,,,,,,,,,,,,,,,,,,,,,,,,,,,,,,,,,,,,,,,Play,0.625,,,,,,,,,,,,,,,,,,,,,,
,,,,,,,,,,,,,,,,,,,,,,,,,,,,,,,,,,,,,,,,,,,,,,,,Rest,0.25,,,,,,,,,,,,,,,,,,,,,,
,,,,,,,,,,,,,,,,,,,,,,,,,,,,,,,,,,,,,,,,,,,,,,,,Play,3.0,,,,,,,,,,,,,,,,,,,,,,
,,,,,,,,,,,,,,,,,,,,,,,,,,,,,,,,,,,,,,,,,,,,,,,,Rest,0.125,,,,,,,,,,,,,,,,,,,,,,
,,,,,,,,,,,,,,,,,,,,,,,,,,,,,,,,,,,,,,,,,,,,,,,,Play,0.625,,,,,,,,,,,,,,,,,,,,,,
,,,,,,,,,,,,,,,,,,,,,,,,,,,,,,,,,,,,,,,,,,,,,,,,Rest,0.25,,,,,,,,,,,,,,,,,,,,,,
,,,,,,,,,,,,,,,,,,,,,,,,,,,,,,,,,,,,,,,,,,,,,,,,Play,19.0,,,,,,,,,,,,,,,,,,,,,,
,,,,,,,,,,,,,,,,,,,,,,,,,,,,,,,,,,,,,,,,,,,,,,,,Rest,0.125,,,,,,,,,,,,,,,,,,,,,,
,,,,,,,,,,,,,,,,,,,,,,,,,,,,,,,,,,,,,,,,,,,,,,,,Play,0.875,,,,,,,,,,,,,,,,,,,,,,
,,,,,,,,,,,,,,,,,,,,,,,,,,,,,,,,,,,,,,,,,,,,,,,,Rest,0.125,,,,,,,,,,,,,,,,,,,,,,
,,,,,,,,,,,,,,,,,,,,,,,,,,,,,,,,,,,,,,,,,,,,,,,,Play,2.875,,,,,,,,,,,,,,,,,,,,,,
,,,,,,,,,,,,,,,,,,,,,,,,,,,,,,,,,,,,,,,,,,,,,,,,Rest,0.125,,,,,,,,,,,,,,,,,,,,,,
,,,,,,,,,,,,,,,,,,,,,,,,,,,,,,,,,,,,,,,,,,,,,,,,Play,0.875,,,,,,,,,,,,,,,,,,,,,,
,,,,,,,,,,,,,,,,,,,,,,,,,,,,,,,,,,,,,,,,,,,,,,,,Rest,0.125,,,,,,,,,,,,,,,,,,,,,,
,,,,,,,,,,,,,,,,,,,,,,,,,,,,,,,,,,,,,,,,,,,,,,,,Play,6.875,,,,,,,,,,,,,,,,,,,,,,
,,,,,,,,,,,,,,,,,,,,,,,,,,,,,,,,,,,,,,,,,,,,,,,,Rest,0.125,,,,,,,,,,,,,,,,,,,,,,
,,,,,,,,,,,,,,,,,,,,,,,,,,,,,,,,,,,,,,,,,,,,,,,,Play,0.875,,,,,,,,,,,,,,,,,,,,,,
,,,,,,,,,,,,,,,,,,,,,,,,,,,,,,,,,,,,,,,,,,,,,,,,Rest,0.125,,,,,,,,,,,,,,,,,,,,,,
,,,,,,,,,,,,,,,,,,,,,,,,,,,,,,,,,,,,,,,,,,,,,,,,Play,3.625,,,,,,,,,,,,,,,,,,,,,,
,Piano,1.0,120.0,4.0,4.0,117.0,117.0,0.0,0.0,4.0,3.9375,99.16666666666669,0.0,0.0,,1 sharp,114.0,6.0,0.0,11.0,3.0,['A'],21.0,20.0,0.0,0.0,0.0,A3,13.0,12.0,0.0,0.0,1.0,14.0,71.0,13.0,5.0,0.0,4.1011235955056184,12.0,,4/4,126.0,7.875,118.125,6.0,6.0,Rest,1.0,,2.0,4.0,"[12, 16, 36, 40, 84, 88]",0.0,4.0,14.0,"[38, 82, 86]",1.0,8.0,12.0,"[36, 84]",0.0,53.0,10.0,9.0,72.0,0.0,1.0,1.0,2.0,
,,,,,2.0,1.0,1.0,0.0,0.0,,,,,,,,,,,,,"['A#', 'Bb']",0.0,0.0,0.0,0.0,0.0,A4,8.0,8.0,0.0,0.0,0.0,,,,,,,,,,,,,,,Play,68.0,,2.0,17.0,"[41, 63, 89, 111, 119]",0.0,4.0,15.0,"[39, 87]",0.0,8.0,10.0,[34],0.0,,,,,,,,,
,,,,,1.5,1.0,0.0,0.0,0.0,,,,,,,,,,,,,"['B', 'Cb']",20.0,20.0,0.0,0.0,0.0,B3,17.0,17.0,0.0,0.0,0.0,,,,,,,,,,,,,,,Rest,6.0,,2.0,23.0,"[47, 95, 109, 117]",0.0,4.0,62.0,"[110, 118]",0.0,8.0,49.0,[97],0.0,,,,,,,,,
,,,,,1.0,1.0,1.0,0.0,0.0,,,,,,,,,,,,,"['B#', 'C']",18.0,18.0,0.0,0.0,0.0,B4,3.0,3.0,0.0,0.0,0.0,,,,,,,,,,,,,,,Play,2.5,,2.0,56.0,"[62, 104, 110, 118]",0.0,,,,,8.0,107.0,[115],1.0,,,,,,,,,
,,,,,,,,,,,,,,,,,,,,,,"['C#', 'Db']",0.0,0.0,0.0,0.0,0.0,C4,15.0,15.0,0.0,0.0,0.0,,,,,,,,,,,,,,,Rest,0.125,,2.0,3.0,"[7, 11, 35]",0.0,,,,,,,,,,,,,,,,,
,,,,,,,,,,,,,,,,,,,,,,['D'],23.0,22.0,0.0,1.0,0.0,C5,3.0,3.0,0.0,0.0,0.0,,,,,,,,,,,,,,,Play,47.625,,2.0,27.0,"[31, 51, 99]",0.0,,,,,,,,,,,,,,,,,
,,,,,,,,,,,,,,,,,,,,,,"['D#', 'Eb']",0.0,0.0,0.0,0.0,0.0,D4,23.0,22.0,0.0,1.0,0.0,,,,,,,,,,,,,,,,,,2.0,61.0,"[65, 113, 121]",0.0,,,,,,,,,,,,,,,,,
,,,,,,,,,,,,,,,,,,,,,,"['E', 'Fb']",9.0,9.0,0.0,0.0,0.0,E4,9.0,9.0,0.0,0.0,0.0,,,,,,,,,,,,,,,,,,2.0,13.0,"[37, 85]",0.0,,,,,,,,,,,,,,,,,
,,,,,,,,,,,,,,,,,,,,,,"['E#', 'F']",0.0,0.0,0.0,0.0,0.0,F#4,6.0,6.0,0.0,0.0,0.0,,,,,,,,,,,,,,,,,,2.0,19.0,"[43, 91]",0.0,,,,,,,,,,,,,,,,,
,,,,,,,,,,,,,,,,,,,,,,"['F#', 'Gb']",6.0,6.0,0.0,0.0,0.0,G3,15.0,14.0,1.0,0.0,0.0,,,,,,,,,,,,,,,,,,2.0,24.0,"[48, 96]",0.0,,,,,,,,,,,,,,,,,
,,,,,,,,,,,,,,,,,,,,,,['G'],23.0,22.0,1.0,0.0,0.0,G4,8.0,8.0,0.0,0.0,0.0,,,,,,,,,,,,,,,,,,2.0,28.0,"[52, 100]",0.0,,,,,,,,,,,,,,,,,
,,,,,,,,,,,,,,,,,,,,,,"['G#', 'Ab']",0.0,0.0,0.0,0.0,0.0,,,,,,,,,,,,,,,,,,,,,,,,2.0,59.0,"[107, 115]",0.0,,,,,,,,,,,,,,,,,
,,,,,,,,,,,,,,,,,,,,,,,,,,,,,,,,,,,,,,,,,,,,,,,,,,,2.0,66.0,"[114, 122]",0.0,,,,,,,,,,,,,,,,,
